-- phpMyAdmin SQL Dump
-- version 4.9.7
-- https://www.phpmyadmin.net/
--
-- Host: mysqli.db.huma-num.fr
-- Generation Time: Mar 28, 2022 at 02:16 PM
-- Server version: 5.6.47-log
-- PHP Version: 7.4.14

SET SQL_MODE = "NO_AUTO_VALUE_ON_ZERO";
SET AUTOCOMMIT = 0;
START TRANSACTION;
SET time_zone = "+00:00";


/*!40101 SET @OLD_CHARACTER_SET_CLIENT=@@CHARACTER_SET_CLIENT */;
/*!40101 SET @OLD_CHARACTER_SET_RESULTS=@@CHARACTER_SET_RESULTS */;
/*!40101 SET @OLD_COLLATION_CONNECTION=@@COLLATION_CONNECTION */;
/*!40101 SET NAMES utf8mb4 */;

--
-- Database: `archeohandi`
--

--
-- Dumping data for table `accessoire_sujet`
--

INSERT INTO `accessoire_sujet` (`id_sujet`, `id_mobilier`) VALUES
(65134, 1),
(65137, 1),
(65137, 4),
(65138, 1),
(65139, 1),
(65139, 2),
(65139, 3),
(65139, 4),
(65144, 1),
(65144, 3),
(65144, 4),
(65150, 1),
(65154, 1),
(65154, 2),
(65154, 4),
(65155, 1),
(65155, 3),
(65155, 4),
(65156, 1),
(65156, 3),
(65156, 4),
(65157, 1),
(65160, 1),
(65160, 2),
(65160, 3),
(65160, 4),
(65161, 1),
(65166, 1),
(65166, 4),
(65167, 1),
(65167, 3),
(65167, 4),
(65169, 1),
(65169, 4),
(65170, 1),
(65170, 3),
(65170, 4),
(65175, 4),
(65211, 4),
(65224, 4),
(65225, 4),
(65226, 4),
(65227, 4),
(65228, 4),
(65229, 4),
(65231, 1),
(65232, 1),
(65232, 4),
(65234, 1),
(65237, 2),
(65237, 4),
(65239, 1),
(65244, 1),
(65245, 1),
(65247, 1),
(65247, 3),
(65247, 4),
(65248, 4),
(65251, 1),
(65258, 1),
(65258, 2),
(65264, 1),
(65268, 1),
(65276, 4),
(65283, 1),
(65286, 4),
(65293, 1),
(65294, 4),
(65299, 4),
(65300, 1),
(65300, 3),
(65331, 1),
(65331, 2),
(65331, 3),
(65331, 4),
(65332, 1),
(65332, 4),
(65333, 1),
(65334, 4),
(65336, 1),
(65336, 4),
(65337, 1),
(65337, 2),
(65337, 4),
(65339, 1),
(65343, 3),
(65344, 1),
(65345, 1),
(65346, 4),
(65348, 3),
(65349, 4),
(65352, 1),
(65352, 2),
(65352, 3),
(65358, 4),
(65426, 4),
(65429, 1),
(65429, 4),
(65430, 1),
(65430, 3),
(65431, 1),
(65432, 1),
(65440, 4),
(65441, 1),
(65444, 4),
(65446, 1),
(65446, 4),
(65455, 1),
(65457, 4),
(65458, 1),
(65458, 4),
(65459, 1),
(65461, 1),
(65461, 4),
(65471, 1),
(65471, 2),
(65471, 3),
(65497, 1),
(65566, 1),
(65568, 2),
(65569, 1),
(65570, 1),
(65571, 1),
(65574, 1),
(65578, 1),
(65578, 2),
(65580, 1),
(65581, 1),
(65581, 4),
(65582, 4),
(65584, 1),
(65587, 1),
(65592, 1),
(65593, 1),
(65599, 1),
(65726, 1),
(65746, 1),
(65752, 1),
(65777, 1),
(65785, 1),
(65785, 3),
(65785, 4),
(65788, 1),
(65789, 1),
(65791, 1),
(65793, 1),
(65794, 1),
(65796, 1),
(65817, 1),
(65817, 2),
(65817, 3),
(65817, 4),
(65822, 1),
(65879, 1),
(65880, 1),
(65881, 1),
(65881, 3),
(65882, 3)
ON DUPLICATE KEY UPDATE id_sujet=id_sujet;

-- --------------------------------------------------------

--
-- Dumping data for table `appareil_compensatoire`
--

INSERT INTO `appareil_compensatoire` (`id`, `nom`) VALUES
(1, 'Appareillage de transport'),
(2, 'Prothèse'),
(3, 'Orthèse'),
(4, 'Béquillage')
ON DUPLICATE KEY UPDATE id=id;

-- --------------------------------------------------------

--
-- Dumping data for table `appareil_sujet`
--

INSERT INTO `appareil_sujet` (`id_sujet`, `id_appareil`) VALUES
(65817, 1),
(65817, 2),
(65817, 3),
(65817, 4)
ON DUPLICATE KEY UPDATE id_sujet=id_sujet;

-- --------------------------------------------------------

--
-- Dumping data for table `atteinte_pathologie`
--

INSERT INTO `atteinte_pathologie` (`id_sujet`, `id_pathologie`) VALUES
(65712, 2147483647),
(65715, 4),
(65720, 4),
(65733, 2147483647),
(65747, 2147483647),
(65751, 2147483647),
(65753, 2147483647),
(65776, 2147483647),
(65777, 2147483647),
(65778, 2147483647),
(65817, 1),
(65817, 2),
(65817, 3),
(65817, 4),
(65817, 5),
(65817, 2147483647),
(65821, 4),
(65824, 4),
(65828, 4),
(65829, 4),
(65831, 4),
(65833, 4),
(65835, 4),
(65836, 4),
(65837, 4),
(65840, 4),
(65841, 2147483647),
(65846, 4),
(65852, 2147483647),
(65854, 2147483647)
ON DUPLICATE KEY UPDATE id_sujet=id_sujet;

-- --------------------------------------------------------

--
-- Dumping data for table `chronology`
--

INSERT INTO `chronology` (`id`, `name`, `start`, `end`) VALUES
(1, 'Préhistorique', -800000, -6000),
(2, 'Paléolithique inférieur', -800000, -300000),
(3, 'Paléolithique moyen', -300000, -40000),
(4, 'Paléolithique supérieur', -40000, -12500),
(5, 'Epipaléolithique/Mésolithique', -12500, -6000),
(6, 'Néolithique', -6000, -2200),
(7, 'Protohistorique', -2200, -50),
(8, 'Âge du Bronze', -2200, -800),
(9, 'Âge du fer', -800, -50),
(10, 'Historique', -50, 2020),
(11, 'Antiquité gallo-romaine', -50, 500),
(12, 'Haut Moyen Âge', 500, 1000),
(13, 'Moyen Âge classique', 1000, 1500),
(14, 'Époque moderne', 1500, 1800),
(15, 'Époque contemporaine', 1800, 2020),
(16, 'Précolombien', -800000, 1500),
(17, 'Epoque coloniale', 1500, 1946),
(18, 'Indéterminée', 0, 0)
ON DUPLICATE KEY UPDATE id=id;

-- --------------------------------------------------------

--
-- Dumping data for table `compte`
--

INSERT INTO `compte` (`login`, `mdp`, `permission`, `prenom`, `nom`, `email`, `organisme`) VALUES
('abaiet', 'c7e626f1f507f3798570649c91ff9a5e', 'admin', 'Alex', 'BAIET', 'alex.baiet3@gmail.com', ''),
('cleforestier', 'b33884a46b12a4bb0ad283e52186e0e0', 'admin', 'Cyrille', 'LE FORESTIER', 'archeologie.des.necropoles@gmail.com', ''),
('abaiet2', '3adc14deba1105cdd275be8529173b79', 'write', 'Alex', 'BAIET', 'neexela@gmail.com', ''),
('aadn', 'fcfe21bdcc3844a630d6085aabcbb31b', 'write', 'ADN', 'ADN', 'cyrille.le-forestier@inrap.fr', ''),
('jbarreau', '15bc0331c7dd5471e538e357e7485e4c', 'write', 'Jean-Baptiste', 'BARREAU', 'jean-baptiste.barreau@cnrs.fr', ''),
('mkerien', 'c1670752ad958142ed948c99f01a8c27', 'write', 'Micheline', 'KERIEN', 'kerienmicheline@gmail.com', ''),
('bgeldof', '83bbc2896fd10af59b5d055bfcbd027d', 'write', 'bob', 'geldof', 'archeologie.noisylegrand@gmail.com', ''),
('isouquet', 'c5daa4b69714764481776491c41885c4', 'write', 'Isabelle', 'Souquet', 'isabelle.souquet@inrap.frr', ''),
('isouquet2', 'be6550bc8883ecf4bfa034bdb88d54a9', 'write', 'Isabelle', 'Souquet', 'isabelle.souquet@inrap.fr', ''),
('aguerinchaubard', 'f72267c43c978e83f37c6c635fee5ccc', 'write', 'Alizée', 'GUERIN CHAUBARD', 'alizee.guerin.c@gmail.com', ''),
('mamoretti', '5d0f029fdf0ae94d21c0651cae17c216', 'write', 'Marius', 'AMORETTI', 'marius.amoretti.ma@gmail.com', ''),
('rcolleter', '79b3ad922052623a8376fb122ac8d54c', 'write', 'Rozenn', 'Colleter', 'rozenn.colleter@inrap.fr', ''),
('vdelattre', '7af09b252028449f6b310272d956a135', 'write', 'Valérie', 'DELATTRE', 'valerie.delattre@inrap.fr', 'INRAP'),
('etrebuchet', '18d7446bee2b5ce33b19235220ea0ffb', 'write', 'Emilie', 'Trébuchet', 'emilie.trebuchet@inrap.fr', 'Inrap'),
('etrebuchet2', '36eeb7f38b2a28b12146c6ea6a83bfed', 'write', 'Emilie', 'Trebuchet', 'trebuchet.emilie@gmail.com', 'Inrap'),
('ccolonna', '53583f54b473f923ae813031356eb2c0', 'write', 'Camille', 'Colonna', 'camille.colonna@inrap.fr', 'Inrap'),
('ngryspeirt', '22d038d537dc07ebdfc0421da2a5c190', 'write', 'Noemie', 'GRYSPEIRT', 'noemie.gryspeirt@inrap.fr', 'Inrap'),
('rlefebvre', 'b1564b675a1bf13e6544eb622e1e727c', 'write', 'Raphaelle', 'LEFEBVRE', 'raphaelle.lefebvre@inrap.fr', 'Inrap'),
('lcaltagirone', '84adf3002c2bb6c5e79d22609727859e', 'write', 'Lisa', 'Caltagirone', 'lisa.caltagirone21@gmail.com', 'Archéologie des Nécropoles'),
('jgisclon', 'f0f000946d7f8e63a2646db7d5540a0f', 'write', 'Jean-Luc', 'GISCLON', 'jean-luc.gisclon@inrap.fr', 'Inrap ARA'),
('jlivet', 'ae3e90b8e3c76d76fa73d39f39f20674', 'write', 'Jérôme', 'Livet', 'jerome.livet@inrap.fr', 'Inrap'),
('sduchesne', 'e22c6248b50b9a6e77edee82f88c3eff', 'write', 'S', 'DUCHESNE', 'sylvie.duchesne@inrap.fr', 'INRAP'),
('eperugini', '5596cdae691ebe56124ed1ceb3ff1306', 'write', 'Elodie', 'PERUGINI', '', ''),
('cparesys', '43272901c2f7acfdb7c98b81d0037be2', 'write', 'Cecile', 'Paresys', 'cecile.paresys@inrap.fr', 'inrap'),
('fboursier', '81d44697b61d5b3806283c304a47d6c5', 'write', 'Frederic', 'BOURSIER', 'fr.boursier@free.fr', ''),
('vmiclon', '769afe4f50159ae6bd4400745c508c29', 'write', 'Valentin', 'MICLON', 'valentin.miclon@gmail.com', 'UMR 6273 CRAHAM - UNICAEN - CNRS'),
('tcraham', 'a7b590a51f9a1f50a178085b5d4afcff', 'write', 'TEST', 'CRAHAM1', 'test@gmail.com', 'CRAHAM'),
('mgaultier', 'd445a9888f8f90970ee8af343410d8cb', 'write', 'Matthieu', 'GAULTIER', 'mgaultier@departement-touraine.fr', 'Conseil départemental d\'Indre-et-Loire - UMR 7324 CITERES LAT'),
('ccarpentier', '58b433a1b6af68d3668ab92cdf2f9265', 'write', 'Carine', 'Carpentier', 'carine.carpentier@inrap.fr', 'Inrap'),
('nameye', 'a7be15ada1811bffd0233d5caded9931', 'write', 'Nathalie', 'Ameye', 'nathalie.ameye@inrap.fr', 'Inrap')
ON DUPLICATE KEY UPDATE login=login;

-- --------------------------------------------------------

--
-- Dumping data for table `depot`
--

INSERT INTO `depot` (`id`, `num_inventaire`, `id_commune`, `adresse`) VALUES
(309, NULL, 31678, 'Croissy-beaubourg'),
(310, NULL, -1, 'Dépôt eveha ?'),
(311, NULL, -1, 'Dépôt inrap (blois, 41) ?'),
(312, NULL, -1, 'Dépôt du sdavo'),
(313, NULL, -1, 'Saint-germain-en-laye ?'),
(315, NULL, -1, 'Dépôt de serris (brûlé)'),
(316, NULL, -1, 'Sra ?'),
(318, NULL, -1, 'Dépôt inrap st martin sur le pré (51)'),
(319, NULL, -1, 'Musée de st dizier (52)'),
(321, NULL, 25404, 'Achicourt (62)'),
(484, '', NULL, ''),
(860, '', NULL, ''),
(499, '', 36094, 'Archea'),
(528, '', NULL, ''),
(527, '', NULL, ''),
(526, '', NULL, ''),
(525, '', NULL, ''),
(505, '', NULL, ''),
(506, '', NULL, ''),
(507, '', NULL, ''),
(426, '', 35972, ''),
(492, '', 35972, 'Avenue Jean Jaurès'),
(494, '', NULL, 'Avenue Jean Jaurès '),
(496, '', NULL, 'Avenue Jean-Jaurès'),
(500, '', NULL, ''),
(501, '', NULL, ''),
(502, '', NULL, ''),
(503, '', NULL, ''),
(504, '', NULL, ''),
(428, '', NULL, ''),
(429, '', NULL, ''),
(430, '', NULL, ''),
(431, '', NULL, ''),
(432, '', NULL, ''),
(433, '', NULL, ''),
(434, '', NULL, ''),
(436, '173108-241-125', 30641, 'Base Inrap, Les portes de Diane, 30 boulevard de verdun'),
(437, '173108-324-127', 30641, 'Base Inrap, Les portes de Diane, 30 boulevard de verdun'),
(438, '173108-645-78', 30641, 'Base Inrap, Les portes de Diane, 30 boulevard de verdun'),
(439, '173108-388-90', 30641, 'Base Inrap, Les portes de Diane, 30 boulevard de verdun'),
(440, '173108-618-192', 30641, 'Base Inrap, Les portes de Diane, 30 boulevard de verdun'),
(441, '173108-502-240', 30641, 'Base Inrap, Les portes de Diane, 30 boulevard de verdun'),
(447, '173108-492-419', 30641, 'Base Inrap, Les portes de Diane, 30 boulevard de verdun'),
(443, '173108-272-372', 30641, 'Base Inrap, Les portes de Diane, 30 boulevard de verdun'),
(444, '173108-368-190', 30641, 'Base Inrap, Les portes de Diane, 30 boulevard de verdun'),
(445, '173108-486-249', 30641, 'Base Inrap, Les portes de Diane, 30 boulevard de verdun'),
(446, '173108-490-88', 30641, 'Base Inrap, Les portes de Diane, 30 boulevard de verdun'),
(448, '173108-541-176', 30641, 'Base Inrap, Les portes de Diane, 30 boulevard de verdun'),
(449, '173108-551-36', 30641, 'Base Inrap, Les portes de Diane, 30 boulevard de verdun'),
(450, '173108-666-469', 30641, 'Base Inrap, Les portes de Diane, 30 boulevard de verdun'),
(451, '173108-705-229', 30641, 'Base Inrap, Les portes de Diane, 30 boulevard de verdun'),
(452, '173108-745-375', 30641, 'Base Inrap, Les portes de Diane, 30 boulevard de verdun'),
(454, '', 31678, ''),
(455, '', 31678, ''),
(456, '', NULL, ''),
(457, '', 31678, ''),
(458, '', 31678, ''),
(459, '', NULL, ''),
(460, '', 31678, ''),
(461, '', NULL, ''),
(462, '', NULL, ''),
(463, '', 31678, ''),
(464, '', 31678, ''),
(465, '', NULL, ''),
(466, '', 31678, ''),
(467, '', 31678, ''),
(468, '', 31678, ''),
(469, '', NULL, ''),
(470, '', NULL, ''),
(471, '', NULL, ''),
(472, '', NULL, ''),
(473, '', NULL, ''),
(474, '', NULL, ''),
(475, '', NULL, ''),
(476, '', NULL, ''),
(477, '', NULL, ''),
(478, '', NULL, ''),
(479, '', 31678, ''),
(480, '', NULL, ''),
(481, '', NULL, ''),
(482, '', NULL, ''),
(483, '', NULL, ''),
(485, '', NULL, ''),
(486, '', NULL, ''),
(487, '', NULL, ''),
(491, 'HEM038', 35972, 'Centre départemental d\'Archéologie '),
(490, '', 35972, 'Avenue Jean Jaurès'),
(508, '', NULL, ''),
(509, '', NULL, ''),
(510, '', NULL, ''),
(511, '', NULL, ''),
(512, '', NULL, ''),
(513, '', NULL, ''),
(514, '', NULL, ''),
(515, '', NULL, ''),
(517, '', NULL, ''),
(518, '', NULL, ''),
(519, '', NULL, ''),
(520, '', NULL, ''),
(521, '', NULL, ''),
(522, '', NULL, ''),
(523, '', NULL, ''),
(861, '', 35582, 'Aïe'),
(532, NULL, 30641, 'Grand-quevilly (76)'),
(534, NULL, 30641, 'Grand-quevilly (76)'),
(536, NULL, 30641, 'Grand-quevilly (76)'),
(538, NULL, 30641, 'Grand-quevilly (76)'),
(539, NULL, 30641, 'Grand-quevilly (76)'),
(540, NULL, 30641, 'Grand-quevilly (76)'),
(541, NULL, 30641, 'Grand-quevilly (76)'),
(542, NULL, 30641, 'Grand-quevilly (76)'),
(544, NULL, 30641, 'Grand-quevilly (76)'),
(545, NULL, 30641, 'Grand-quevilly (76)'),
(546, NULL, 30641, 'Grand-quevilly (76)'),
(549, NULL, 30641, 'Grand-quevilly (76)'),
(550, NULL, 30641, 'Grand-quevilly (76)'),
(551, NULL, 30641, 'Grand-quevilly (76)'),
(552, NULL, 30641, 'Grand-quevilly (76)'),
(553, NULL, 30641, 'Grand-quevilly (76)'),
(554, NULL, 30641, 'Grand-quevilly (76)'),
(555, NULL, 30641, 'Grand-quevilly (76)'),
(556, NULL, 30641, 'Grand-quevilly (76)'),
(557, NULL, 30641, 'Grand-quevilly (76)'),
(558, NULL, 30641, 'Grand-quevilly (76)'),
(559, NULL, 30641, 'Grand-quevilly (76)'),
(560, NULL, 30641, 'Grand-quevilly (76)'),
(561, NULL, 30641, 'Grand-quevilly (76)'),
(562, NULL, 30641, 'Grand-quevilly (76)'),
(564, NULL, 30641, 'Grand-quevilly (76)'),
(565, NULL, 30641, 'Grand-quevilly (76)'),
(566, NULL, 30641, 'Grand-quevilly (76)'),
(567, NULL, 30641, 'Grand-quevilly (76)'),
(568, NULL, 30641, 'Grand-quevilly (76)'),
(569, NULL, 30641, 'Grand-quevilly (76)'),
(570, NULL, 30641, 'Grand-quevilly (76)'),
(571, NULL, 30641, 'Grand-quevilly (76)'),
(573, NULL, 5139, 'Bourguébus (14)'),
(574, NULL, 5139, 'Bourguébus (14)'),
(575, NULL, 5139, 'Bourguébus (14)'),
(576, NULL, 5139, 'Bourguébus (14)'),
(577, NULL, 5139, 'Bourguébus (14)'),
(578, NULL, 5139, 'Bourguébus (14)'),
(579, NULL, 5139, 'Bourguébus (14)'),
(580, NULL, 5139, 'Bourguébus (14)'),
(581, NULL, 5139, 'Bourguébus (14)'),
(582, NULL, 5139, 'Bourguébus (14)'),
(583, NULL, 5139, 'Bourguébus (14)'),
(585, NULL, 5139, 'Bourguébus (14)'),
(586, NULL, 5139, 'Bourguébus (14)'),
(587, NULL, 5139, 'Bourguébus (14)'),
(588, NULL, 5139, 'Bourguébus (14)'),
(589, NULL, 5139, 'Bourguébus (14)'),
(590, NULL, 5139, 'Bourguébus (14)'),
(591, NULL, 5139, 'Bourguébus (14)'),
(592, NULL, 5139, 'Bourguébus (14)'),
(593, NULL, 5139, 'Bourguébus (14)'),
(594, NULL, 5139, 'Bourguébus (14)'),
(595, NULL, 5139, 'Bourguébus (14)'),
(596, NULL, 5139, 'Bourguébus (14)'),
(597, NULL, 5139, 'Bourguébus (14)'),
(598, NULL, 30641, 'Grand-quevilly (76)'),
(599, NULL, 30641, 'Grand-quevilly (76)'),
(600, NULL, 30641, 'Grand-quevilly (76)'),
(601, NULL, 30641, 'Grand-quevilly (76)'),
(602, NULL, 30641, 'Grand-quevilly (76)'),
(603, NULL, 30641, 'Grand-quevilly (76)'),
(604, NULL, 30641, 'Grand-quevilly (76)'),
(605, NULL, 30641, 'Grand-quevilly (76)'),
(606, NULL, 30641, 'Grand-quevilly (76)'),
(607, NULL, 5139, 'Bourguébus (14)'),
(608, NULL, 5139, 'Bourguébus (14)'),
(609, NULL, 5139, 'Bourguébus (14)'),
(610, NULL, 5139, 'Bourguébus (14)'),
(611, NULL, 5139, 'Bourguébus (14)'),
(612, NULL, 5139, 'Bourguébus (14)'),
(613, NULL, 5139, 'Bourguébus (14)'),
(614, NULL, 5139, 'Bourguébus (14)'),
(615, NULL, 5139, 'Bourguébus (14)'),
(616, NULL, 5139, 'Bourguébus (14)'),
(617, NULL, 5139, 'Bourguébus (14)'),
(618, NULL, 5139, 'Bourguébus (14)'),
(619, NULL, 5139, 'Bourguébus (14)'),
(620, NULL, 5139, 'Bourguébus (14)'),
(621, NULL, 5139, 'Bourguébus (14)'),
(622, NULL, 5139, 'Bourguébus (14)'),
(623, NULL, 5139, 'Bourguébus (14)'),
(624, NULL, 5139, 'Bourguébus (14)'),
(625, NULL, 5139, 'Bourguébus (14)'),
(626, NULL, 5139, 'Bourguébus (14)'),
(627, NULL, 5139, 'Bourguébus (14)'),
(628, NULL, 5139, 'Bourguébus (14)'),
(629, NULL, 5139, 'Bourguébus (14)'),
(630, NULL, 5139, 'Bourguébus (14)'),
(631, NULL, 5139, 'Bourguébus (14)'),
(632, NULL, 5139, 'Bourguébus (14)'),
(633, NULL, 5139, 'Bourguébus (14)'),
(634, NULL, 5139, 'Bourguébus (14)'),
(635, NULL, 5139, 'Bourguébus (14)'),
(636, NULL, 5139, 'Bourguébus (14)'),
(637, '', 35972, 'Neuilly-sur-marne (93)'),
(638, '', 35972, 'Neuilly-sur-marne (93)'),
(639, '', 35972, 'Neuilly-sur-marne (93)'),
(640, '', 35972, 'Neuilly-sur-marne (93)'),
(641, '', 35972, 'Neuilly-sur-marne (93)'),
(642, NULL, 28365, 'Blois (41)'),
(643, NULL, 28365, 'Blois (41)'),
(644, NULL, 28365, 'Blois (41)'),
(645, NULL, 19131, 'Châlons-en-champagne (51), dépôt etat'),
(646, NULL, 19131, 'Châlons-en-champagne (51), dépôt etat'),
(647, NULL, 19131, 'Châlons-en-champagne (51), dépôt etat'),
(648, NULL, 19131, 'Châlons-en-champagne (51), dépôt etat'),
(649, NULL, 19131, 'Châlons-en-champagne (51), dépôt etat'),
(650, NULL, 19131, 'Châlons-en-champagne (51), dépôt etat'),
(651, NULL, 19131, 'Châlons-en-champagne (51), dépôt etat'),
(652, NULL, 19131, 'Châlons-en-champagne (51), dépôt etat'),
(653, NULL, 19131, 'Châlons-en-champagne (51), dépôt etat'),
(654, NULL, 19131, 'Châlons-en-champagne (51), dépôt etat'),
(655, NULL, 19131, 'Châlons-en-champagne (51), dépôt etat'),
(656, NULL, 19131, 'Châlons-en-champagne (51), dépôt etat'),
(657, NULL, 19131, 'Châlons-en-champagne (51), dépôt etat'),
(658, NULL, 19131, 'Châlons-en-champagne (51), dépôt etat'),
(659, NULL, 19131, 'Châlons-en-champagne (51), dépôt etat'),
(660, NULL, 19131, 'Châlons-en-champagne (51), dépôt etat'),
(661, NULL, 19131, 'Châlons-en-champagne (51), dépôt etat'),
(662, NULL, 19131, 'Châlons-en-champagne (51), dépôt etat'),
(663, NULL, 19131, 'Châlons-en-champagne (51), dépôt etat'),
(664, NULL, 19131, 'Châlons-en-champagne (51), dépôt etat'),
(665, NULL, 19131, 'Châlons-en-champagne (51), dépôt etat'),
(666, NULL, 19131, 'Châlons-en-champagne (51), dépôt etat'),
(667, NULL, 19131, 'Châlons-en-champagne (51), dépôt etat'),
(668, NULL, 19131, 'Châlons-en-champagne (51), dépôt etat'),
(669, NULL, 19131, 'Châlons-en-champagne (51), dépôt etat'),
(670, NULL, 19131, 'Châlons-en-champagne (51), dépôt etat'),
(671, NULL, 19131, 'Châlons-en-champagne (51), dépôt etat'),
(672, NULL, 19131, 'Châlons-en-champagne (51), dépôt etat'),
(673, NULL, 19131, 'Châlons-en-champagne (51), dépôt etat'),
(674, NULL, 19131, 'Châlons-en-champagne (51), dépôt etat'),
(675, NULL, 19131, 'Châlons-en-champagne (51), dépôt etat'),
(676, NULL, 19131, 'Châlons-en-champagne (51), dépôt etat'),
(677, NULL, 19131, 'Châlons-en-champagne (51), dépôt etat'),
(678, NULL, 19131, 'Châlons-en-champagne (51), dépôt etat'),
(679, NULL, 19131, 'Châlons-en-champagne (51), dépôt etat'),
(680, NULL, 19131, 'Châlons-en-champagne (51), dépôt etat'),
(681, NULL, 19131, 'Châlons-en-champagne (51), dépôt etat'),
(682, NULL, 19131, 'Châlons-en-champagne (51), dépôt etat'),
(683, NULL, 19131, 'Châlons-en-champagne (51), dépôt etat'),
(684, NULL, 19131, 'Châlons-en-champagne (51), dépôt etat'),
(685, NULL, 19131, 'Châlons-en-champagne (51), dépôt etat'),
(686, NULL, 19131, 'Châlons-en-champagne (51), dépôt etat'),
(687, NULL, 19131, 'Châlons-en-champagne (51), dépôt etat'),
(688, NULL, 19131, 'Châlons-en-champagne (51), dépôt etat'),
(689, NULL, 19131, 'Châlons-en-champagne (51), dépôt etat'),
(690, NULL, 19131, 'Châlons-en-champagne (51), dépôt etat'),
(691, NULL, 19131, 'Châlons-en-champagne (51), dépôt etat'),
(692, NULL, 19131, 'Châlons-en-champagne (51), dépôt etat'),
(693, NULL, 19131, 'Châlons-en-champagne (51), dépôt etat'),
(694, NULL, 19131, 'Châlons-en-champagne (51), dépôt etat'),
(695, NULL, 19131, 'Châlons-en-champagne (51), dépôt etat'),
(696, NULL, 19131, 'Châlons-en-champagne (51), dépôt etat'),
(697, NULL, 19131, 'Châlons-en-champagne (51), dépôt etat'),
(698, NULL, 19131, 'Châlons-en-champagne (51), dépôt etat'),
(699, NULL, 19131, 'Châlons-en-champagne (51), dépôt etat'),
(700, NULL, 19131, 'Châlons-en-champagne (51), dépôt etat'),
(701, NULL, 19131, 'Châlons-en-champagne (51), dépôt etat'),
(702, NULL, 19131, 'Châlons-en-champagne (51), dépôt etat'),
(703, NULL, 19131, 'Châlons-en-champagne (51), dépôt etat'),
(704, NULL, 19131, 'Châlons-en-champagne (51), dépôt etat'),
(705, NULL, 19131, 'Châlons-en-champagne (51), dépôt etat'),
(706, NULL, 19131, 'Châlons-en-champagne (51), dépôt etat'),
(707, NULL, 19131, 'Châlons-en-champagne (51), dépôt etat'),
(708, NULL, 19131, 'Châlons-en-champagne (51), dépôt etat'),
(709, NULL, 19131, 'Châlons-en-champagne (51), dépôt etat'),
(710, NULL, 19131, 'Châlons-en-champagne (51), dépôt etat'),
(711, NULL, 19131, 'Châlons-en-champagne (51), dépôt etat'),
(712, NULL, 19131, 'Châlons-en-champagne (51), dépôt etat'),
(713, NULL, 19131, 'Châlons-en-champagne (51), dépôt etat'),
(714, NULL, 19131, 'Châlons-en-champagne (51), dépôt etat'),
(715, NULL, 19131, 'Châlons-en-champagne (51), dépôt etat'),
(716, NULL, 19131, 'Châlons-en-champagne (51), dépôt etat'),
(717, NULL, 19131, 'Châlons-en-champagne (51), dépôt etat'),
(718, NULL, 19131, 'Châlons-en-champagne (51), dépôt etat'),
(719, NULL, 19131, 'Châlons-en-champagne (51), dépôt etat'),
(720, NULL, 19131, 'Châlons-en-champagne (51), dépôt etat'),
(721, NULL, 19131, 'Châlons-en-champagne (51), dépôt etat'),
(722, NULL, 19131, 'Châlons-en-champagne (51), dépôt etat'),
(723, NULL, 19131, 'Châlons-en-champagne (51), dépôt etat'),
(724, NULL, 19131, 'Châlons-en-champagne (51), dépôt etat'),
(725, NULL, 19131, 'Châlons-en-champagne (51), dépôt etat'),
(726, NULL, 19131, 'Châlons-en-champagne (51), dépôt etat'),
(727, NULL, 19131, 'Châlons-en-champagne (51), dépôt etat'),
(728, NULL, 19131, 'Châlons-en-champagne (51), dépôt etat'),
(729, NULL, 19131, 'Châlons-en-champagne (51), dépôt etat'),
(730, NULL, 19131, 'Châlons-en-champagne (51), dépôt etat'),
(731, NULL, 19131, 'Châlons-en-champagne (51), dépôt etat'),
(732, NULL, 19131, 'Châlons-en-champagne (51), dépôt etat'),
(733, NULL, 19131, 'Châlons-en-champagne (51), dépôt etat'),
(734, NULL, 19131, 'Châlons-en-champagne (51), dépôt etat'),
(735, NULL, 19131, 'Châlons-en-champagne (51), dépôt etat'),
(736, NULL, 19131, 'Châlons-en-champagne (51), dépôt etat'),
(737, NULL, 19131, 'Châlons-en-champagne (51), dépôt etat'),
(738, NULL, 19131, 'Châlons-en-champagne (51), dépôt etat'),
(739, NULL, 19131, 'Châlons-en-champagne (51), dépôt etat'),
(740, NULL, 19131, 'Châlons-en-champagne (51), dépôt etat'),
(741, NULL, 19131, 'Châlons-en-champagne (51), dépôt etat'),
(742, NULL, 19131, 'Châlons-en-champagne (51), dépôt etat'),
(743, NULL, 19131, 'Châlons-en-champagne (51), dépôt etat'),
(744, NULL, 19131, 'Châlons-en-champagne (51), dépôt etat'),
(745, NULL, 19131, 'Châlons-en-champagne (51), dépôt etat'),
(746, NULL, 19131, 'Châlons-en-champagne (51), dépôt etat'),
(747, NULL, 19131, 'Châlons-en-champagne (51), dépôt etat'),
(748, NULL, 22721, 'Villeneuve-d`ascq (59) - inrap - 11 rue des champs, 59650 villeneuve-d`ascq'),
(749, NULL, 22721, 'Villeneuve-d`ascq (59) - inrap - 11 rue des champs, 59650 villeneuve-d`ascq'),
(750, NULL, 22721, 'Villeneuve-d`ascq (59) - inrap - 11 rue des champs, 59650 villeneuve-d`ascq'),
(751, NULL, 22721, 'Villeneuve-d`ascq (59) - inrap - 11 rue des champs, 59650 villeneuve-d`ascq'),
(752, NULL, 22721, 'Villeneuve-d`ascq (59) - inrap - 11 rue des champs, 59650 villeneuve-d`ascq'),
(753, NULL, 22721, 'Villeneuve-d`ascq (59) - inrap - 11 rue des champs, 59650 villeneuve-d`ascq'),
(754, NULL, 22721, 'Villeneuve-d`ascq (59) - inrap - 11 rue des champs, 59650 villeneuve-d`ascq'),
(755, NULL, 22721, 'Villeneuve-d`ascq (59) - inrap - 11 rue des champs, 59650 villeneuve-d`ascq'),
(756, NULL, 22721, 'Villeneuve-d`ascq (59) - inrap - 11 rue des champs, 59650 villeneuve-d`ascq'),
(757, NULL, 22721, 'Villeneuve-d`ascq (59) - inrap - 11 rue des champs, 59650 villeneuve-d`ascq'),
(758, NULL, 22721, 'Villeneuve-d`ascq (59) - inrap - 11 rue des champs, 59650 villeneuve-d`ascq'),
(759, NULL, 22721, 'Villeneuve-d`ascq (59) - inrap - 11 rue des champs, 59650 villeneuve-d`ascq'),
(760, NULL, 22721, 'Villeneuve-d`ascq (59) - inrap - 11 rue des champs, 59650 villeneuve-d`ascq'),
(761, NULL, 22721, 'Villeneuve-d`ascq (59) - inrap - 11 rue des champs, 59650 villeneuve-d`ascq'),
(762, NULL, 22721, 'Villeneuve-d`ascq (59) - inrap - 11 rue des champs, 59650 villeneuve-d`ascq'),
(763, NULL, 22721, 'Villeneuve-d`ascq (59) - inrap - 11 rue des champs, 59650 villeneuve-d`ascq'),
(764, NULL, 22721, 'Villeneuve-d`ascq (59) - inrap - 11 rue des champs, 59650 villeneuve-d`ascq'),
(765, NULL, 22721, 'Villeneuve-d`ascq (59) - inrap - 11 rue des champs, 59650 villeneuve-d`ascq'),
(766, NULL, 22721, 'Villeneuve-d`ascq (59) - inrap - 11 rue des champs, 59650 villeneuve-d`ascq'),
(767, NULL, 22721, 'Villeneuve-d`ascq (59) - inrap - 11 rue des champs, 59650 villeneuve-d`ascq'),
(768, NULL, 22721, 'Villeneuve-d`ascq (59) - inrap - 11 rue des champs, 59650 villeneuve-d`ascq'),
(769, NULL, 22721, 'Villeneuve-d`ascq (59) - inrap - 11 rue des champs, 59650 villeneuve-d`ascq'),
(770, NULL, 22721, 'Villeneuve-d`ascq (59) - inrap - 11 rue des champs, 59650 villeneuve-d`ascq'),
(771, NULL, 22721, 'Villeneuve-d`ascq (59) - inrap - 11 rue des champs, 59650 villeneuve-d`ascq'),
(773, NULL, -1, 'Réinhumé'),
(774, NULL, -1, 'Réinhumé'),
(775, NULL, -1, 'Réinhumé'),
(776, NULL, -1, 'Réinhumé'),
(777, NULL, -1, 'Réinhumé'),
(778, NULL, -1, 'Réinhumé'),
(779, NULL, -1, 'Réinhumé'),
(780, NULL, -1, 'Réinhumé'),
(781, NULL, -1, 'Réinhumé'),
(782, NULL, -1, 'Réinhumé'),
(783, NULL, -1, 'Réinhumé'),
(784, NULL, -1, 'Réinhumé'),
(785, NULL, -1, 'Réinhumé'),
(786, NULL, -1, 'Réinhumé'),
(787, NULL, -1, 'Réinhumé'),
(788, NULL, -1, 'Réinhumé'),
(789, NULL, -1, 'Réinhumé'),
(790, NULL, -1, 'Réinhumé'),
(791, NULL, -1, 'Réinhumé'),
(792, NULL, -1, 'Réinhumé'),
(793, NULL, -1, 'Réinhumé'),
(794, NULL, -1, 'Réinhumé'),
(795, NULL, -1, 'Réinhumé'),
(796, NULL, -1, 'Réinhumé'),
(797, NULL, -1, 'Réinhumé'),
(798, NULL, -1, 'Réinhumé'),
(799, NULL, -1, 'Réinhumé'),
(800, NULL, -1, 'Réinhumé'),
(801, NULL, -1, 'Réinhumé'),
(802, NULL, -1, 'Réinhumé'),
(803, NULL, -1, 'Réinhumé'),
(804, NULL, -1, 'Réinhumé'),
(805, NULL, -1, 'Réinhumé'),
(806, NULL, -1, 'Réinhumé'),
(807, NULL, -1, 'Réinhumé'),
(808, NULL, -1, 'Réinhumé'),
(809, NULL, -1, 'Réinhumé'),
(810, NULL, -1, 'Réinhumé'),
(811, NULL, -1, 'Réinhumé'),
(812, NULL, -1, 'Réinhumé'),
(813, NULL, -1, 'Réinhumé'),
(814, NULL, -1, 'Réinhumé'),
(839, NULL, -1, 'Villeneuve d`ascq (59) - inrap - 11 rue des champs, 59650 villeneuve d`ascq'),
(862, '163584-Sep.05-473', 5139, 'Base Inrap, Boulevard de l\'Europe'),
(863, '163584-Sep.10-330', 5139, 'Base Inrap, Boulevard de l\'Europe'),
(864, '163584-Sep.26-160', 5139, 'Base Inrap, Boulevard de l\'Europe'),
(865, '163584-Sep.40-482', 5139, 'Base Inrap, Boulevard de l\'Europe'),
(866, '163584-Sep.56-509', 5139, 'Base Inrap, Boulevard de l\'Europe'),
(867, '/', 35972, '202 avenue Jean-Jaurès'),
(868, '163584-Sep.07-474', 5139, 'Base Inrap, Boulevard de l\'Europe'),
(869, '163584-Sep.11-477', 5139, 'Base Inrap, Boulevard de l\'Europe'),
(870, '163584-Sep.13-312', 5139, 'Base Inrap, Boulevard de l\'Europe'),
(871, '163584-Sep.14-323', 5139, 'Base Inrap, Boulevard de l\'Europe'),
(872, '163584-Sep.17-479', 5139, 'Base Inrap, Boulevard de l\'Europe'),
(873, '163584-Sep.21-494', 5139, 'Base Inrap, Boulevard de l\'Europe'),
(874, '163584-Sep.25-319', 5139, 'Base Inrap, Boulevard de l\'Europe'),
(875, '163584-Sep.27-503', 5139, 'Base Inrap, Boulevard de l\'Europe'),
(876, '163584-Sep.28-483', 5139, 'Base Inrap, Boulevard de l\'Europe'),
(877, '163584-Sep.29-484', 5139, 'Base Inrap, Boulevard de l\'Europe'),
(878, '163584-Sep.32-496', 5139, 'Base Inrap, Boulevard de l\'Europe'),
(879, '163584-Sep.34-296', 5139, 'Base Inrap, Boulevard de l\'Europe'),
(880, '163584-Sep.35-301', 5139, 'Base Inrap, Boulevard de l\'Europe'),
(881, '163584-Sep.36-295', 5139, 'Base Inrap, Boulevard de l\'Europe'),
(882, '163584-Sep.39-331', 5139, 'Base Inrap, Boulevard de l\'Europe'),
(883, '163584-Sep.41-227', 5139, 'Base Inrap, Boulevard de l\'Europe'),
(884, '163584-Sep.44-491', 5139, 'Base Inrap, Boulevard de l\'Europe'),
(885, '163584-Sep.45-481', 5139, 'Base Inrap, Boulevard de l\'Europe'),
(886, '163584-Sep.46-504', 5139, 'Base Inrap, Boulevard de l\'Europe'),
(887, '163584-Sep.48-497', 5139, 'Base Inrap, Boulevard de l\'Europe'),
(888, '163584-Sep.54-487', 5139, 'Base Inrap, Boulevard de l\'Europe'),
(889, '163584-Sep.55-499', 5139, 'Base Inrap, Boulevard de l\'Europe'),
(890, '163584-Sep.63-495', 5139, 'Base Inrap, Boulevard de l\'Europe'),
(891, '163584-100-233', 5139, 'Base Inrap, Boulevard de l\'Europe'),
(892, '', 30641, 'Base Inrap, Les portes de Diane, 30 boulevard de verdun'),
(893, '', 30641, 'Base Inrap, Les portes de Diane, 30 boulevard de verdun'),
(894, '', 30641, 'Base Inrap, Les portes de Diane, 30 boulevard de verdun'),
(895, '', NULL, ''),
(896, '', 35972, 'Jean Jaurès '),
(897, '', NULL, 'Avenue Jean Jaurès'),
(898, '', NULL, 'Avenue jean jaurès'),
(899, '', 35972, 'Avenue Jean Jaurès'),
(900, '', 35972, 'Avenue Jean Jaurès'),
(902, '', 35972, 'Avenue Jean-Jaurès'),
(909, '', NULL, ''),
(910, '', NULL, ''),
(911, '', NULL, ''),
(912, '', NULL, ''),
(913, '19084', NULL, 'dépôt Etat'),
(914, '19124', 19131, 'dépôt Etat'),
(918, '', NULL, ''),
(919, '', NULL, ''),
(920, '', NULL, ''),
(921, '', NULL, ''),
(923, '9305', NULL, 'dépôt Etat'),
(924, '9307', NULL, 'dépôt Etat'),
(925, '9306', NULL, 'dépôt Etat'),
(926, '9299', NULL, 'dépôt Etat')
ON DUPLICATE KEY UPDATE id=id;

-- --------------------------------------------------------

--
-- Dumping data for table `diagnostic`
--

INSERT INTO `diagnostic` (`id`, `nom`) VALUES
(1, 'Trépanation'),
(2, 'Édentement complet'),
(3, 'Atteinte neurale'),
(4, 'Scoliose sévère'),
(5, 'Maladie de Paget ou ostéite déformante'),
(6, 'DISH'),
(7, 'Rachitisme'),
(8, 'Nanisme'),
(10, 'Fracture non réduite'),
(11, 'Amputation'),
(12, 'Pathologie dégénérative sévère'),
(13, 'Autre')
ON DUPLICATE KEY UPDATE id=id;

-- --------------------------------------------------------

--
-- Dumping data for table `diagnostic_zone`
--

INSERT INTO `diagnostic_zone` (`id_diagnostic`, `id_localisation`, `obligatoire`) VALUES
(1, 1, 1),
(2, 1, 1),
(3, 1, 0),
(4, 4, 1),
(5, 1, 0),
(5, 2, 0),
(5, 3, 0),
(5, 4, 0),
(5, 5, 0),
(5, 6, 0),
(6, 4, 0),
(7, 1, 0),
(7, 2, 0),
(7, 3, 0),
(7, 4, 0),
(7, 5, 0),
(7, 6, 0),
(8, 1, 1),
(8, 2, 1),
(8, 3, 1),
(8, 4, 1),
(8, 5, 1),
(8, 6, 1),
(10, 1, 0),
(10, 2, 0),
(10, 3, 0),
(10, 4, 0),
(10, 5, 0),
(10, 6, 0),
(11, 2, 0),
(11, 3, 0),
(11, 5, 0),
(11, 6, 0),
(12, 1, 0),
(12, 2, 0),
(12, 3, 0),
(12, 4, 0),
(12, 5, 0),
(12, 6, 0),
(13, 1, 0),
(13, 2, 0),
(13, 3, 0),
(13, 4, 0),
(13, 5, 0),
(13, 6, 0),
(3, 2, 0),
(3, 3, 0),
(3, 4, 0),
(3, 5, 0),
(3, 6, 0),
(6, 1, 0),
(6, 2, 0),
(6, 3, 0),
(6, 5, 0),
(6, 6, 0)
ON DUPLICATE KEY UPDATE id_diagnostic=id_diagnostic;

-- --------------------------------------------------------

--
-- Dumping data for table `droit_compte`
--

INSERT INTO `droit_compte` (`login_compte`, `id_operation`, `droit`) VALUES
('cleforestier', 1997, 'write'),
('mkerien', 2580, 'admin'),
('cleforestier', 1881, 'admin'),
('cleforestier', 1880, 'admin'),
('cleforestier', 1882, 'admin'),
('cleforestier', 1883, 'admin'),
('cleforestier', 1884, 'admin'),
('cleforestier', 1885, 'admin'),
('cleforestier', 1886, 'admin'),
('cleforestier', 1887, 'admin'),
('cleforestier', 1888, 'admin'),
('cleforestier', 1889, 'admin'),
('cleforestier', 1890, 'admin'),
('cleforestier', 1891, 'admin'),
('abaiet', 2037, 'admin'),
('abaiet', 2036, 'admin'),
('isouquet2', 2031, 'admin'),
('abaiet', 2038, 'admin'),
('abaiet', 2039, 'admin'),
('abaiet', 2040, 'admin'),
('abaiet', 2041, 'admin'),
('abaiet', 2042, 'admin'),
('abaiet', 2043, 'admin'),
('abaiet', 2044, 'admin'),
('abaiet', 2045, 'admin'),
('abaiet', 2046, 'admin'),
('abaiet', 2047, 'admin'),
('abaiet', 2048, 'admin'),
('abaiet', 2049, 'admin'),
('abaiet', 2050, 'admin'),
('abaiet', 2051, 'admin'),
('abaiet', 2052, 'admin'),
('abaiet', 2053, 'admin'),
('abaiet', 2054, 'admin'),
('abaiet', 2055, 'admin'),
('abaiet', 2056, 'admin'),
('abaiet', 2057, 'admin'),
('abaiet', 2058, 'admin'),
('abaiet', 2059, 'admin'),
('abaiet', 2060, 'admin'),
('abaiet', 2061, 'admin'),
('abaiet', 2062, 'admin'),
('abaiet', 2063, 'admin'),
('abaiet', 2064, 'admin'),
('abaiet', 2065, 'admin'),
('abaiet', 2066, 'admin'),
('abaiet', 2067, 'admin'),
('abaiet', 2068, 'admin'),
('abaiet', 2069, 'admin'),
('abaiet', 2070, 'admin'),
('abaiet', 2071, 'admin'),
('abaiet', 2072, 'admin'),
('abaiet', 2073, 'admin'),
('abaiet', 2074, 'admin'),
('abaiet', 2075, 'admin'),
('abaiet', 2076, 'admin'),
('abaiet', 2077, 'admin'),
('abaiet', 2078, 'admin'),
('abaiet', 2079, 'admin'),
('abaiet', 2080, 'admin'),
('abaiet', 2081, 'admin'),
('abaiet', 2082, 'admin'),
('abaiet', 2083, 'admin'),
('abaiet', 2084, 'admin'),
('abaiet', 2085, 'admin'),
('abaiet', 2086, 'admin'),
('abaiet', 2087, 'admin'),
('abaiet', 2088, 'admin'),
('abaiet', 2089, 'admin'),
('abaiet', 2090, 'admin'),
('abaiet', 2091, 'admin'),
('abaiet', 2092, 'admin'),
('abaiet', 2093, 'admin'),
('abaiet', 2094, 'admin'),
('abaiet', 2095, 'admin'),
('abaiet', 2096, 'admin'),
('abaiet', 2097, 'admin'),
('abaiet', 2098, 'admin'),
('abaiet', 2099, 'admin'),
('abaiet', 2100, 'admin'),
('abaiet', 2101, 'admin'),
('abaiet', 2102, 'admin'),
('abaiet', 2103, 'admin'),
('abaiet', 2104, 'admin'),
('abaiet', 2105, 'admin'),
('abaiet', 2106, 'admin'),
('abaiet', 2107, 'admin'),
('abaiet', 2108, 'admin'),
('abaiet', 2109, 'admin'),
('abaiet', 2110, 'admin'),
('abaiet', 2111, 'admin'),
('abaiet', 2112, 'admin'),
('abaiet', 2113, 'admin'),
('abaiet', 2114, 'admin'),
('abaiet', 2115, 'admin'),
('abaiet', 2116, 'admin'),
('abaiet', 2117, 'admin'),
('abaiet', 2118, 'admin'),
('abaiet', 2119, 'admin'),
('abaiet', 2120, 'admin'),
('abaiet', 2121, 'admin'),
('abaiet', 2122, 'admin'),
('abaiet', 2123, 'admin'),
('abaiet', 2124, 'admin'),
('abaiet', 2125, 'admin'),
('abaiet', 2126, 'admin'),
('abaiet', 2127, 'admin'),
('abaiet', 2128, 'admin'),
('abaiet', 2129, 'admin'),
('abaiet', 2130, 'admin'),
('abaiet', 2131, 'admin'),
('abaiet', 2132, 'admin'),
('abaiet', 2133, 'admin'),
('abaiet', 2134, 'admin'),
('abaiet', 2135, 'admin'),
('abaiet', 2136, 'admin'),
('abaiet', 2137, 'admin'),
('abaiet', 2138, 'admin'),
('abaiet', 2139, 'admin'),
('abaiet', 2140, 'admin'),
('abaiet', 2141, 'admin'),
('abaiet', 2142, 'admin'),
('abaiet', 2143, 'admin'),
('abaiet', 2144, 'admin'),
('abaiet', 2145, 'admin'),
('abaiet', 2146, 'admin'),
('abaiet', 2147, 'admin'),
('abaiet', 2148, 'admin'),
('abaiet', 2149, 'admin'),
('abaiet', 2150, 'admin'),
('abaiet', 2151, 'admin'),
('abaiet', 2152, 'admin'),
('abaiet', 2153, 'admin'),
('abaiet', 2154, 'admin'),
('abaiet', 2155, 'admin'),
('abaiet', 2156, 'admin'),
('abaiet', 2157, 'admin'),
('abaiet', 2158, 'admin'),
('abaiet', 2159, 'admin'),
('abaiet', 2160, 'admin'),
('abaiet', 2161, 'admin'),
('abaiet', 2162, 'admin'),
('abaiet', 2163, 'admin'),
('abaiet', 2164, 'admin'),
('abaiet', 2165, 'admin'),
('abaiet', 2166, 'admin'),
('abaiet', 2167, 'admin'),
('abaiet', 2168, 'admin'),
('abaiet', 2169, 'admin'),
('abaiet', 2170, 'admin'),
('abaiet', 2171, 'admin'),
('abaiet', 2172, 'admin'),
('abaiet', 2173, 'admin'),
('abaiet', 2174, 'admin'),
('abaiet', 2175, 'admin'),
('abaiet', 2176, 'admin'),
('abaiet', 2177, 'admin'),
('abaiet', 2178, 'admin'),
('abaiet', 2179, 'admin'),
('abaiet', 2180, 'admin'),
('abaiet', 2181, 'admin'),
('abaiet', 2182, 'admin'),
('abaiet', 2183, 'admin'),
('abaiet', 2184, 'admin'),
('abaiet', 2185, 'admin'),
('abaiet', 2186, 'admin'),
('abaiet', 2187, 'admin'),
('abaiet', 2188, 'admin'),
('abaiet', 2189, 'admin'),
('abaiet', 2190, 'admin'),
('abaiet', 2191, 'admin'),
('abaiet', 2192, 'admin'),
('abaiet', 2193, 'admin'),
('abaiet', 2194, 'admin'),
('abaiet', 2195, 'admin'),
('abaiet', 2196, 'admin'),
('abaiet', 2197, 'admin'),
('abaiet', 2198, 'admin'),
('abaiet', 2199, 'admin'),
('abaiet', 2200, 'admin'),
('abaiet', 2201, 'admin'),
('abaiet', 2202, 'admin'),
('abaiet', 2203, 'admin'),
('abaiet', 2204, 'admin'),
('abaiet', 2205, 'admin'),
('abaiet', 2206, 'admin'),
('abaiet', 2207, 'admin'),
('abaiet', 2208, 'admin'),
('abaiet', 2209, 'admin'),
('abaiet', 2210, 'admin'),
('abaiet', 2211, 'admin'),
('abaiet', 2212, 'admin'),
('abaiet', 2213, 'admin'),
('abaiet', 2214, 'admin'),
('abaiet', 2215, 'admin'),
('abaiet', 2216, 'admin'),
('abaiet', 2217, 'admin'),
('abaiet', 2218, 'admin'),
('abaiet', 2219, 'admin'),
('abaiet', 2220, 'admin'),
('abaiet', 2221, 'admin'),
('abaiet', 2222, 'admin'),
('abaiet', 2223, 'admin'),
('abaiet', 2224, 'admin'),
('abaiet', 2225, 'admin'),
('abaiet', 2226, 'admin'),
('abaiet', 2227, 'admin'),
('abaiet', 2228, 'admin'),
('abaiet', 2229, 'admin'),
('abaiet', 2230, 'admin'),
('abaiet', 2231, 'admin'),
('abaiet', 2232, 'admin'),
('abaiet', 2233, 'admin'),
('abaiet', 2234, 'admin'),
('abaiet', 2235, 'admin'),
('abaiet', 2236, 'admin'),
('abaiet', 2237, 'admin'),
('abaiet', 2238, 'admin'),
('abaiet', 2239, 'admin'),
('abaiet', 2240, 'admin'),
('abaiet', 2241, 'admin'),
('abaiet', 2242, 'admin'),
('abaiet', 2243, 'admin'),
('abaiet', 2244, 'admin'),
('abaiet', 2245, 'admin'),
('abaiet', 2246, 'admin'),
('abaiet', 2247, 'admin'),
('abaiet', 2248, 'admin'),
('abaiet', 2249, 'admin'),
('abaiet', 2250, 'admin'),
('abaiet', 2251, 'admin'),
('abaiet', 2252, 'admin'),
('abaiet', 2253, 'admin'),
('abaiet', 2254, 'admin'),
('abaiet', 2255, 'admin'),
('aadn', 2264, 'admin'),
('ccolonna', 2585, 'admin'),
('ngryspeirt', 2266, 'admin'),
('ccolonna', 2267, 'admin'),
('ccolonna', 2268, 'admin'),
('rlefebvre', 2270, 'admin'),
('aguerinchaubard', 2271, 'admin'),
('lcaltagirone', 2272, 'admin'),
('isouquet2', 2273, 'admin'),
('abaiet', 2274, 'admin'),
('abaiet', 2275, 'admin'),
('abaiet', 2276, 'admin'),
('abaiet', 2277, 'admin'),
('abaiet', 2278, 'admin'),
('abaiet', 2279, 'admin'),
('abaiet', 2280, 'admin'),
('abaiet', 2281, 'admin'),
('abaiet', 2282, 'admin'),
('abaiet', 2283, 'admin'),
('abaiet', 2284, 'admin'),
('abaiet', 2285, 'admin'),
('abaiet', 2286, 'admin'),
('abaiet', 2287, 'admin'),
('abaiet', 2288, 'admin'),
('abaiet', 2289, 'admin'),
('abaiet', 2290, 'admin'),
('abaiet', 2291, 'admin'),
('abaiet', 2292, 'admin'),
('abaiet', 2293, 'admin'),
('abaiet', 2294, 'admin'),
('abaiet', 2295, 'admin'),
('abaiet', 2296, 'admin'),
('abaiet', 2297, 'admin'),
('abaiet', 2298, 'admin'),
('abaiet', 2299, 'admin'),
('abaiet', 2300, 'admin'),
('abaiet', 2301, 'admin'),
('abaiet', 2302, 'admin'),
('abaiet', 2303, 'admin'),
('abaiet', 2304, 'admin'),
('abaiet', 2305, 'admin'),
('abaiet', 2306, 'admin'),
('abaiet', 2307, 'admin'),
('abaiet', 2308, 'admin'),
('abaiet', 2309, 'admin'),
('abaiet', 2310, 'admin'),
('abaiet', 2311, 'admin'),
('abaiet', 2312, 'admin'),
('abaiet', 2313, 'admin'),
('abaiet', 2314, 'admin'),
('abaiet', 2315, 'admin'),
('abaiet', 2316, 'admin'),
('abaiet', 2317, 'admin'),
('abaiet', 2318, 'admin'),
('abaiet', 2319, 'admin'),
('abaiet', 2320, 'admin'),
('abaiet', 2321, 'admin'),
('abaiet', 2322, 'admin'),
('abaiet', 2323, 'admin'),
('abaiet', 2324, 'admin'),
('abaiet', 2325, 'admin'),
('abaiet', 2326, 'admin'),
('abaiet', 2327, 'admin'),
('abaiet', 2328, 'admin'),
('abaiet', 2329, 'admin'),
('abaiet', 2330, 'admin'),
('abaiet', 2331, 'admin'),
('abaiet', 2332, 'admin'),
('abaiet', 2333, 'admin'),
('abaiet', 2334, 'admin'),
('abaiet', 2335, 'admin'),
('abaiet', 2336, 'admin'),
('abaiet', 2337, 'admin'),
('abaiet', 2338, 'admin'),
('abaiet', 2339, 'admin'),
('abaiet', 2340, 'admin'),
('abaiet', 2341, 'admin'),
('abaiet', 2342, 'admin'),
('abaiet', 2343, 'admin'),
('abaiet', 2344, 'admin'),
('abaiet', 2345, 'admin'),
('abaiet', 2346, 'admin'),
('abaiet', 2347, 'admin'),
('abaiet', 2348, 'admin'),
('abaiet', 2349, 'admin'),
('abaiet', 2350, 'admin'),
('abaiet', 2351, 'admin'),
('abaiet', 2352, 'admin'),
('abaiet', 2353, 'admin'),
('abaiet', 2354, 'admin'),
('abaiet', 2355, 'admin'),
('abaiet', 2356, 'admin'),
('abaiet', 2357, 'admin'),
('abaiet', 2358, 'admin'),
('abaiet', 2359, 'admin'),
('abaiet', 2360, 'admin'),
('abaiet', 2361, 'admin'),
('abaiet', 2362, 'admin'),
('abaiet', 2363, 'admin'),
('abaiet', 2513, 'admin'),
('abaiet', 2365, 'admin'),
('abaiet', 2366, 'admin'),
('abaiet', 2367, 'admin'),
('abaiet', 2368, 'admin'),
('abaiet', 2369, 'admin'),
('abaiet', 2370, 'admin'),
('abaiet', 2371, 'admin'),
('abaiet', 2372, 'admin'),
('abaiet', 2373, 'admin'),
('abaiet', 2374, 'admin'),
('abaiet', 2375, 'admin'),
('abaiet', 2376, 'admin'),
('abaiet', 2377, 'admin'),
('abaiet', 2378, 'admin'),
('abaiet', 2379, 'admin'),
('abaiet', 2380, 'admin'),
('abaiet', 2381, 'admin'),
('abaiet', 2382, 'admin'),
('abaiet', 2383, 'admin'),
('abaiet', 2384, 'admin'),
('abaiet', 2385, 'admin'),
('abaiet', 2386, 'admin'),
('abaiet', 2387, 'admin'),
('abaiet', 2388, 'admin'),
('abaiet', 2389, 'admin'),
('abaiet', 2390, 'admin'),
('abaiet', 2391, 'admin'),
('abaiet', 2392, 'admin'),
('abaiet', 2393, 'admin'),
('abaiet', 2394, 'admin'),
('abaiet', 2395, 'admin'),
('abaiet', 2396, 'admin'),
('abaiet', 2397, 'admin'),
('abaiet', 2398, 'admin'),
('abaiet', 2399, 'admin'),
('abaiet', 2400, 'admin'),
('abaiet', 2401, 'admin'),
('abaiet', 2402, 'admin'),
('abaiet', 2403, 'admin'),
('abaiet', 2404, 'admin'),
('abaiet', 2405, 'admin'),
('abaiet', 2406, 'admin'),
('abaiet', 2407, 'admin'),
('abaiet', 2408, 'admin'),
('abaiet', 2409, 'admin'),
('abaiet', 2410, 'admin'),
('abaiet', 2411, 'admin'),
('abaiet', 2412, 'admin'),
('abaiet', 2413, 'admin'),
('abaiet', 2414, 'admin'),
('abaiet', 2415, 'admin'),
('abaiet', 2416, 'admin'),
('abaiet', 2417, 'admin'),
('abaiet', 2418, 'admin'),
('abaiet', 2419, 'admin'),
('abaiet', 2420, 'admin'),
('abaiet', 2421, 'admin'),
('abaiet', 2422, 'admin'),
('abaiet', 2423, 'admin'),
('abaiet', 2424, 'admin'),
('abaiet', 2425, 'admin'),
('abaiet', 2426, 'admin'),
('abaiet', 2427, 'admin'),
('abaiet', 2428, 'admin'),
('abaiet', 2429, 'admin'),
('abaiet', 2430, 'admin'),
('abaiet', 2431, 'admin'),
('abaiet', 2432, 'admin'),
('abaiet', 2433, 'admin'),
('abaiet', 2434, 'admin'),
('abaiet', 2435, 'admin'),
('abaiet', 2436, 'admin'),
('abaiet', 2437, 'admin'),
('abaiet', 2438, 'admin'),
('abaiet', 2439, 'admin'),
('abaiet', 2440, 'admin'),
('abaiet', 2441, 'admin'),
('abaiet', 2442, 'admin'),
('abaiet', 2443, 'admin'),
('abaiet', 2444, 'admin'),
('abaiet', 2445, 'admin'),
('abaiet', 2446, 'admin'),
('abaiet', 2447, 'admin'),
('abaiet', 2448, 'admin'),
('abaiet', 2449, 'admin'),
('abaiet', 2450, 'admin'),
('abaiet', 2451, 'admin'),
('abaiet', 2452, 'admin'),
('abaiet', 2453, 'admin'),
('abaiet', 2454, 'admin'),
('abaiet', 2455, 'admin'),
('abaiet', 2456, 'admin'),
('abaiet', 2457, 'admin'),
('abaiet', 2458, 'admin'),
('abaiet', 2459, 'admin'),
('abaiet', 2460, 'admin'),
('abaiet', 2461, 'admin'),
('abaiet', 2462, 'admin'),
('abaiet', 2463, 'admin'),
('abaiet', 2464, 'admin'),
('abaiet', 2465, 'admin'),
('abaiet', 2466, 'admin'),
('abaiet', 2467, 'admin'),
('abaiet', 2468, 'admin'),
('abaiet', 2469, 'admin'),
('abaiet', 2470, 'admin'),
('abaiet', 2471, 'admin'),
('abaiet', 2472, 'admin'),
('abaiet', 2473, 'admin'),
('abaiet', 2474, 'admin'),
('abaiet', 2475, 'admin'),
('abaiet', 2476, 'admin'),
('abaiet', 2477, 'admin'),
('abaiet', 2478, 'admin'),
('abaiet', 2479, 'admin'),
('abaiet', 2480, 'admin'),
('abaiet', 2481, 'admin'),
('abaiet', 2482, 'admin'),
('abaiet', 2483, 'admin'),
('abaiet', 2484, 'admin'),
('abaiet', 2485, 'admin'),
('abaiet', 2486, 'admin'),
('abaiet', 2487, 'admin'),
('abaiet', 2488, 'admin'),
('abaiet', 2489, 'admin'),
('abaiet', 2490, 'admin'),
('abaiet', 2491, 'admin'),
('abaiet', 2492, 'admin'),
('abaiet', 2493, 'admin'),
('abaiet', 2494, 'admin'),
('abaiet', 2495, 'admin'),
('abaiet', 2496, 'admin'),
('abaiet', 2497, 'admin'),
('abaiet', 2498, 'admin'),
('abaiet', 2499, 'admin'),
('abaiet', 2500, 'admin'),
('abaiet', 2501, 'admin'),
('abaiet', 2502, 'admin'),
('abaiet', 2503, 'admin'),
('abaiet', 2504, 'admin'),
('abaiet', 2505, 'admin'),
('abaiet', 2506, 'admin'),
('abaiet', 2507, 'admin'),
('abaiet', 2508, 'admin'),
('abaiet', 2509, 'admin'),
('abaiet', 2510, 'admin'),
('abaiet', 2511, 'admin'),
('abaiet', 2512, 'admin'),
('abaiet', 2514, 'admin'),
('abaiet', 2515, 'admin'),
('abaiet', 2516, 'admin'),
('abaiet', 2517, 'admin'),
('abaiet', 2518, 'admin'),
('abaiet', 2519, 'admin'),
('abaiet', 2520, 'admin'),
('abaiet', 2521, 'admin'),
('abaiet', 2522, 'admin'),
('abaiet', 2523, 'admin'),
('abaiet', 2524, 'admin'),
('abaiet', 2525, 'admin'),
('abaiet', 2526, 'admin'),
('abaiet', 2527, 'admin'),
('abaiet', 2528, 'admin'),
('abaiet', 2529, 'admin'),
('abaiet', 2530, 'admin'),
('abaiet', 2531, 'admin'),
('abaiet', 2532, 'admin'),
('abaiet', 2533, 'admin'),
('abaiet', 2534, 'admin'),
('abaiet', 2535, 'admin'),
('abaiet', 2536, 'admin'),
('abaiet', 2537, 'admin'),
('abaiet', 2538, 'admin'),
('abaiet', 2539, 'admin'),
('abaiet', 2540, 'admin'),
('abaiet', 2541, 'admin'),
('abaiet', 2542, 'admin'),
('abaiet', 2543, 'admin'),
('abaiet', 2544, 'admin'),
('abaiet', 2545, 'admin'),
('abaiet', 2546, 'admin'),
('abaiet', 2547, 'admin'),
('abaiet', 2548, 'admin'),
('abaiet', 2549, 'admin'),
('abaiet', 2551, 'admin'),
('abaiet', 2552, 'admin'),
('abaiet', 2553, 'admin'),
('abaiet', 2554, 'admin'),
('abaiet', 2555, 'admin'),
('abaiet', 2556, 'admin'),
('abaiet', 2557, 'admin'),
('abaiet', 2558, 'admin'),
('abaiet', 2559, 'admin'),
('abaiet', 2560, 'admin'),
('abaiet', 2561, 'admin'),
('abaiet', 2562, 'admin'),
('abaiet', 2563, 'admin'),
('abaiet', 2564, 'admin'),
('abaiet', 2565, 'admin'),
('abaiet', 2566, 'admin'),
('abaiet', 2567, 'admin'),
('abaiet', 2568, 'admin'),
('abaiet', 2569, 'admin'),
('abaiet', 2570, 'admin'),
('ccolonna', 2571, 'admin'),
('ccolonna', 2574, 'admin'),
('mkerien', 2582, 'admin'),
('mkerien', 2575, 'admin'),
('cleforestier', 2575, 'write'),
('mkerien', 2577, 'admin'),
('cleforestier', 2577, 'write'),
('cleforestier', 2580, 'write'),
('cleforestier', 2582, 'write'),
('isouquet2', 2587, 'admin'),
('abaiet', 2591, 'admin'),
('etrebuchet', 2592, 'admin'),
('ccolonna', 2593, 'admin'),
('abaiet2', 2591, 'write'),
('aadn', 2596, 'admin'),
('abaiet2', 2593, 'write'),
('rlefebvre', 2598, 'admin'),
('aadn', 2599, 'admin'),
('rlefebvre', 2601, 'admin'),
('rlefebvre', 2602, 'admin'),
('ngryspeirt', 1917, 'admin'),
('cparesys', 1892, 'admin'),
('cparesys', 1893, 'admin'),
('cparesys', 1894, 'admin'),
('cparesys', 1895, 'admin'),
('cparesys', 1896, 'admin'),
('cparesys', 1897, 'admin'),
('cparesys', 1898, 'admin'),
('cparesys', 1899, 'admin'),
('cparesys', 1900, 'admin'),
('cparesys', 1901, 'admin'),
('cparesys', 1902, 'admin'),
('cparesys', 1903, 'admin'),
('cparesys', 1904, 'admin'),
('cparesys', 1905, 'admin'),
('cparesys', 1906, 'admin'),
('cparesys', 1907, 'admin'),
('cparesys', 1908, 'admin'),
('cparesys', 1909, 'admin'),
('cparesys', 1910, 'admin'),
('cparesys', 1911, 'admin'),
('cparesys', 1912, 'admin'),
('cparesys', 1913, 'admin'),
('cparesys', 1914, 'admin'),
('cparesys', 1915, 'admin'),
('cparesys', 1916, 'admin'),
('ngryspeirt', 1918, 'admin'),
('ngryspeirt', 1919, 'admin'),
('ngryspeirt', 1920, 'admin'),
('ngryspeirt', 1923, 'admin'),
('ngryspeirt', 1924, 'admin'),
('ngryspeirt', 1925, 'admin'),
('ngryspeirt', 1926, 'admin'),
('ngryspeirt', 1927, 'admin'),
('ngryspeirt', 1933, 'admin'),
('ngryspeirt', 1934, 'admin'),
('rcolleter', 1938, 'admin'),
('abaiet', 2608, 'admin'),
('nameye', 2610, 'admin'),
('nameye', 2611, 'admin'),
('nameye', 2612, 'admin'),
('nameye', 2613, 'admin'),
('nameye', 2614, 'admin'),
('nameye', 2615, 'admin'),
('nameye', 2617, 'admin'),
('nameye', 2618, 'admin'),
('nameye', 2619, 'admin'),
('nameye', 2620, 'admin'),
('nameye', 2621, 'admin'),
('nameye', 2622, 'admin'),
('nameye', 2623, 'admin'),
('nameye', 2624, 'admin'),
('nameye', 2625, 'admin'),
('nameye', 2626, 'admin'),
('nameye', 2627, 'admin'),
('nameye', 2628, 'admin'),
('nameye', 2629, 'admin'),
('nameye', 2630, 'admin'),
('nameye', 2631, 'admin'),
('nameye', 2632, 'admin'),
('nameye', 2633, 'admin'),
('nameye', 2634, 'admin'),
('nameye', 2635, 'admin'),
('nameye', 2636, 'admin'),
('nameye', 2637, 'admin'),
('nameye', 2638, 'admin'),
('nameye', 2639, 'admin'),
('nameye', 2640, 'admin'),
('nameye', 2641, 'admin'),
('nameye', 2642, 'admin'),
('nameye', 2643, 'admin'),
('nameye', 2644, 'admin'),
('nameye', 2645, 'admin'),
('nameye', 2646, 'admin'),
('nameye', 2647, 'admin'),
('nameye', 2648, 'admin'),
('nameye', 2649, 'admin'),
('nameye', 2650, 'admin'),
('nameye', 2651, 'admin'),
('nameye', 2652, 'admin'),
('nameye', 2653, 'admin'),
('nameye', 2654, 'admin'),
('nameye', 2657, 'admin'),
('nameye', 2658, 'admin'),
('nameye', 2659, 'admin'),
('nameye', 2660, 'admin'),
('nameye', 2661, 'admin'),
('nameye', 2662, 'admin'),
('nameye', 2663, 'admin'),
('nameye', 2664, 'admin'),
('nameye', 2665, 'admin'),
('nameye', 2666, 'admin'),
('nameye', 2667, 'admin'),
('nameye', 2668, 'admin'),
('nameye', 2669, 'admin'),
('nameye', 2670, 'admin'),
('nameye', 2671, 'admin'),
('nameye', 2672, 'admin'),
('nameye', 2673, 'admin'),
('nameye', 2674, 'admin'),
('nameye', 2675, 'admin'),
('nameye', 2676, 'admin')
ON DUPLICATE KEY UPDATE id_operation=id_operation;

-- --------------------------------------------------------

--
-- Dumping data for table `groupe_sujets`
--

INSERT INTO `groupe_sujets` (`id`, `id_chronologie`, `id_operation`, `NMI`) VALUES
(2982, 11, 1877, 387),
(2983, 12, 1877, 387),
(2984, 11, 1877, 387),
(2985, 12, 1877, 387),
(2986, 11, 1877, 387),
(2987, 12, 1877, 387),
(2988, 11, 1877, 387),
(2989, 12, 1877, 387),
(2990, 11, 1877, 387),
(2991, 12, 1877, 387),
(2992, 11, 1877, 387),
(2993, 11, 1878, 3),
(2994, 14, 1879, 73),
(2995, 14, 1879, 13),
(2996, 12, 1880, 22),
(2997, 9, 1881, 515),
(2998, 11, 1882, 16),
(2999, 11, 1883, 48),
(3000, 12, 1884, 56),
(3001, 12, 1885, 193),
(3002, 6, 1886, 7),
(3003, 13, 1887, 200),
(3004, 12, 1888, 1000),
(3005, 14, 1889, 166),
(3006, 12, 1890, 1065),
(3007, 14, 1891, 21),
(3008, 11, 1892, 23),
(3009, 11, 1893, 12),
(3010, 11, 1894, 8),
(3011, 9, 1895, 11),
(3012, 9, 1895, 6),
(3013, 12, 1895, 8),
(3014, 9, 1895, 4),
(3015, 6, 1895, 20),
(3016, 6, 1895, 28),
(3017, 9, 1895, 28),
(3018, 11, 1895, 5),
(3430, 14, 1879, 73),
(3429, 14, 1879, 73),
(3428, 14, 1879, 73),
(3427, 14, 1879, 73),
(3426, 14, 1879, 73),
(3425, 14, 1879, 73),
(3424, 14, 1879, 73),
(3423, 14, 1879, 73),
(3422, 14, 1879, 73),
(3421, 14, 1879, 73),
(3420, 14, 1879, 73),
(3419, 14, 1879, 73),
(3418, 14, 1879, 73),
(3417, 14, 1879, 73),
(3416, 14, 1879, 73),
(3415, 14, 1879, 73),
(3414, 14, 1879, 73),
(3413, 14, 1879, 73),
(3412, 14, 1879, 73),
(3411, 14, 1879, 73),
(3410, 14, 1879, 73),
(3409, 14, 1879, 73),
(3408, 14, 1879, 73),
(3407, 14, 1879, 73),
(3043, 9, 1899, 5),
(3044, 6, 1900, 10),
(3045, 9, 1901, 14),
(3046, 12, 1902, 182),
(3406, 14, 1879, 73),
(3405, 14, 1879, 73),
(3049, 12, 1903, 65),
(3050, 9, 1904, 8),
(3051, 6, 1905, 1),
(3052, 9, 1906, 2),
(3053, 11, 1907, 13),
(3054, 13, 1908, 146),
(3055, 15, 1908, 72),
(3404, 14, 1879, 73),
(3403, 14, 1879, 73),
(3058, 6, 1910, 35),
(3059, 12, 1911, 3),
(3060, 12, 1912, 93),
(3061, 9, 1913, 7),
(3062, 11, 1914, 24),
(3063, 11, 1914, 21),
(3064, 11, 1914, 24),
(3402, 14, 1879, 73),
(3401, 14, 1879, 73),
(3400, 14, 1879, 73),
(3399, 14, 1879, 73),
(3398, 14, 1879, 73),
(3070, 11, 1918, 66),
(3397, 14, 1879, 73),
(3072, 10, 1919, 200),
(3073, 14, 1919, 145),
(3074, 10, 1919, 145),
(3075, 14, 1919, 145),
(3076, 13, 1919, 145),
(3077, 12, 1919, 145),
(3078, 12, 1919, 109),
(3079, 14, 1919, 145),
(3080, 14, 1920, 16),
(3396, 14, 1879, 73),
(3395, 14, 1879, 73),
(3394, 14, 1879, 73),
(3393, 14, 1879, 73),
(3392, 14, 1879, 73),
(3391, 14, 1879, 73),
(3390, 14, 1879, 73),
(3389, 14, 1879, 73),
(3388, 14, 1879, 73),
(3387, 14, 1879, 73),
(3386, 14, 1879, 73),
(3385, 14, 1879, 73),
(3384, 11, 1877, 387),
(3383, 11, 1877, 387),
(3382, 11, 1877, 387),
(3381, 11, 1877, 387),
(3380, 11, 1877, 387),
(3379, 11, 1877, 387),
(3378, 11, 1877, 387),
(3377, 11, 1877, 387),
(3102, 14, 1925, 650),
(3376, 11, 1877, 387),
(3375, 11, 1877, 387),
(3374, 11, 1877, 387),
(3106, 11, 1930, 66),
(3373, 11, 1877, 387),
(3109, 14, 1931, 145),
(3111, 14, 1931, 145),
(3632, 12, 2268, 130),
(3117, 14, 1933, 13),
(3372, 11, 1877, 387),
(3371, 11, 1877, 387),
(3370, 11, 1877, 387),
(3369, 11, 1877, 387),
(3368, 11, 1877, 387),
(3367, 11, 1877, 387),
(3366, 11, 1877, 387),
(3365, 11, 1877, 387),
(3364, 11, 1877, 387),
(3363, 11, 1877, 387),
(3362, 11, 1877, 387),
(3361, 11, 1877, 387),
(3360, 11, 1877, 387),
(3359, 11, 1877, 387),
(3358, 11, 1877, 387),
(3357, 11, 1877, 387),
(3356, 11, 1877, 387),
(3355, 11, 1877, 387),
(3354, 11, 1877, 387),
(3353, 11, 1877, 387),
(3138, 14, 1937, 650),
(3303, 12, 2571, 3),
(3352, 11, 1877, 387),
(3318, 11, 2582, 462),
(3351, 11, 1877, 387),
(3319, 12, 2585, 52),
(3350, 12, 1877, 387),
(3315, 12, 2580, 300),
(3313, 12, 2577, 120),
(3349, 12, 1877, 387),
(3245, 12, 2264, 27),
(3321, 14, 2585, 107),
(3311, 13, 2577, 120),
(3320, 12, 2585, 31),
(3247, 13, 2266, 3),
(3248, 12, 2267, 22),
(3249, 12, 2268, 123),
(3250, 12, 2268, 123),
(3251, 12, 2268, 123),
(3252, 12, 2268, 123),
(3253, 12, 2268, 123),
(3255, 14, 2270, 476),
(3256, 14, 2270, 476),
(3257, 14, 2270, 476),
(3258, 14, 2270, 476),
(3259, 14, 2270, 476),
(3260, 14, 2270, 476),
(3266, 14, 2270, 476),
(3262, 14, 2270, 476),
(3263, 14, 2270, 476),
(3264, 14, 2270, 476),
(3265, 14, 2270, 476),
(3267, 14, 2270, 476),
(3268, 14, 2270, 476),
(3269, 14, 2270, 476),
(3270, 14, 2270, 476),
(3271, 14, 2270, 476),
(3273, 12, 2271, 1),
(3274, 12, 2271, 1),
(3275, 12, 2271, 1),
(3276, 12, 2271, 1),
(3277, 12, 2271, 1),
(3278, 12, 2271, 1),
(3279, 12, 2271, 1),
(3280, 12, 2271, 1),
(3281, 12, 2271, 1),
(3282, 12, 2271, 1),
(3283, 12, 2271, 1),
(3284, 12, 2271, 1),
(3285, 12, 2271, 1),
(3286, 12, 2271, 1),
(3287, 12, 2271, 1),
(3288, 18, 2272, 1),
(3289, 18, 2272, 1),
(3290, 18, 2272, 1),
(3291, 18, 2272, 1),
(3292, 18, 2272, 0),
(3293, 18, 2272, 1),
(3294, 18, 2272, 1),
(3295, 18, 2272, 1),
(3296, 18, 2272, 1),
(3297, 18, 2272, 1),
(3298, 12, 2271, 4),
(3299, 12, 2271, 1),
(3300, 14, 2031, 80),
(3301, 14, 2031, 80),
(3302, 14, 2031, 80),
(3304, 13, 2574, 45),
(3305, 12, 2574, 45),
(3306, 12, 2574, 45),
(3310, 15, 2575, 40),
(3309, 15, 2575, 40),
(3322, 14, 2585, 107),
(3323, 14, 2585, 107),
(3324, 14, 2585, 107),
(3325, 14, 2585, 107),
(3326, 14, 2585, 107),
(3327, 14, 2585, 57),
(3328, 14, 2585, 57),
(3329, 14, 2585, 57),
(3330, 12, 2585, 31),
(3331, 12, 2585, 31),
(3332, 13, 2585, 91),
(3333, 13, 2585, 91),
(3334, 14, 2585, 107),
(3336, 14, 2585, 107),
(3337, 14, 2585, 107),
(3338, 14, 2585, 107),
(3339, 14, 2585, 57),
(3340, 14, 2587, 88),
(3341, 14, 2587, 88),
(3342, 14, 2587, 88),
(3633, 1, 2591, 0),
(3344, 14, 2593, 13),
(3345, 14, 2593, 13),
(3346, 13, 2593, 13),
(3347, 12, 2593, 13),
(3431, 14, 1879, 73),
(3432, 14, 1879, 73),
(3433, 14, 1879, 13),
(3434, 14, 1879, 13),
(3435, 14, 1879, 13),
(3436, 14, 1879, 13),
(3437, 14, 1879, 13),
(3438, 14, 1879, 13),
(3439, 9, 1881, 515),
(3440, 9, 1881, 515),
(3441, 14, 1889, 166),
(3442, 14, 1889, 166),
(3443, 14, 1889, 166),
(3444, 11, 1892, 23),
(3445, 11, 1892, 23),
(3446, 11, 1892, 23),
(3447, 11, 1892, 23),
(3448, 9, 1895, 11),
(3449, 9, 1895, 11),
(3450, 9, 1895, 11),
(3451, 9, 1895, 6),
(3452, 9, 1895, 6),
(3453, 6, 1895, 28),
(3454, 6, 1895, 28),
(3455, 6, 1895, 28),
(3456, 6, 1895, 28),
(3457, 6, 1895, 28),
(3458, 12, 1902, 182),
(3459, 12, 1902, 182),
(3460, 12, 1902, 182),
(3461, 12, 1902, 182),
(3462, 12, 1902, 182),
(3463, 12, 1902, 182),
(3464, 12, 1902, 182),
(3465, 12, 1902, 182),
(3466, 12, 1902, 182),
(3467, 12, 1902, 182),
(3468, 12, 1902, 182),
(3469, 12, 1902, 182),
(3470, 12, 1903, 65),
(3471, 12, 1903, 65),
(3472, 12, 1903, 65),
(3473, 12, 1903, 65),
(3474, 12, 1903, 65),
(3475, 12, 1903, 65),
(3476, 12, 1903, 65),
(3477, 12, 1903, 65),
(3478, 12, 1903, 65),
(3479, 12, 1903, 65),
(3480, 12, 1903, 65),
(3481, 12, 1903, 65),
(3482, 12, 1903, 65),
(3483, 12, 1903, 65),
(3484, 12, 1903, 65),
(3485, 11, 1907, 13),
(3486, 11, 1907, 13),
(3487, 13, 1908, 146),
(3488, 13, 1908, 146),
(3489, 13, 1908, 146),
(3490, 13, 1908, 146),
(3491, 13, 1908, 146),
(3492, 13, 1908, 146),
(3493, 13, 1908, 146),
(3494, 13, 1908, 146),
(3495, 13, 1908, 146),
(3496, 13, 1908, 146),
(3497, 13, 1908, 146),
(3498, 13, 1908, 146),
(3499, 13, 1908, 146),
(3500, 13, 1908, 146),
(3501, 13, 1908, 146),
(3502, 13, 1908, 146),
(3503, 13, 1908, 146),
(3504, 13, 1908, 146),
(3505, 13, 1908, 146),
(3506, 13, 1908, 146),
(3507, 13, 1908, 146),
(3508, 13, 1908, 146),
(3509, 13, 1908, 146),
(3510, 15, 1908, 72),
(3511, 15, 1908, 72),
(3512, 15, 1908, 72),
(3513, 15, 1908, 72),
(3514, 15, 1908, 72),
(3515, 15, 1908, 72),
(3516, 12, 1912, 93),
(3517, 12, 1912, 93),
(3518, 12, 1912, 93),
(3519, 12, 1912, 93),
(3520, 12, 1912, 93),
(3521, 12, 1912, 93),
(3522, 12, 1912, 93),
(3523, 12, 1912, 93),
(3524, 9, 1913, 7),
(3525, 9, 1913, 7),
(3526, 9, 1913, 7),
(3527, 11, 1914, 24),
(3528, 11, 1914, 24),
(3529, 11, 1914, 21),
(3530, 11, 1914, 21),
(3531, 11, 1914, 24),
(3532, 11, 1914, 24),
(3533, 11, 1914, 24),
(3534, 11, 1918, 66),
(3535, 11, 1918, 66),
(3536, 11, 1918, 66),
(3537, 11, 1918, 66),
(3538, 11, 1918, 66),
(3539, 11, 1918, 66),
(3540, 11, 1918, 66),
(3541, 11, 1918, 66),
(3542, 14, 1919, 145),
(3543, 14, 1919, 145),
(3544, 14, 1919, 145),
(3545, 14, 1919, 145),
(3546, 14, 1919, 145),
(3547, 14, 1919, 145),
(3548, 14, 1919, 145),
(3549, 14, 1919, 145),
(3550, 14, 1919, 145),
(3551, 14, 1919, 145),
(3552, 14, 1925, 650),
(3553, 14, 1925, 650),
(3554, 14, 1925, 650),
(3555, 14, 1925, 650),
(3556, 14, 1925, 650),
(3557, 14, 1925, 650),
(3558, 14, 1925, 650),
(3559, 14, 1925, 650),
(3560, 14, 1925, 650),
(3561, 14, 1925, 650),
(3562, 14, 1925, 650),
(3563, 14, 1925, 650),
(3564, 14, 1925, 650),
(3565, 14, 1925, 650),
(3566, 14, 1925, 650),
(3567, 14, 1925, 650),
(3568, 14, 1925, 650),
(3569, 14, 1925, 650),
(3570, 14, 1925, 650),
(3571, 14, 1925, 650),
(3572, 14, 1925, 650),
(3573, 14, 1925, 650),
(3574, 14, 1925, 650),
(3575, 14, 1925, 650),
(3576, 14, 1925, 650),
(3577, 14, 1925, 650),
(3578, 14, 1925, 650),
(3579, 14, 1925, 650),
(3580, 14, 1925, 650),
(3581, 14, 1925, 650),
(3582, 14, 1925, 650),
(3583, 14, 1925, 650),
(3584, 14, 1925, 650),
(3585, 14, 1925, 650),
(3586, 14, 1925, 650),
(3587, 14, 1925, 650),
(3588, 14, 1925, 650),
(3589, 14, 1925, 650),
(3590, 14, 1925, 650),
(3591, 14, 1925, 650),
(3592, 14, 1925, 650),
(3593, 14, 1925, 650),
(3634, 12, 2598, 65),
(3635, 12, 2598, 65),
(3636, 12, 2598, 65),
(3637, 12, 2598, 65),
(3638, 12, 2598, 65),
(3639, 11, 2599, 76),
(3640, 18, 2598, 65),
(3641, 18, 2598, 65),
(3642, 18, 2598, 65),
(3643, 12, 2598, 65),
(3644, 12, 2598, 65),
(3645, 12, 2598, 65),
(3646, 12, 2598, 65),
(3647, 12, 2598, 65),
(3648, 12, 2598, 65),
(3649, 12, 2598, 65),
(3650, 12, 2598, 65),
(3651, 12, 2598, 65),
(3652, 12, 2598, 65),
(3653, 12, 2598, 65),
(3654, 12, 2598, 65),
(3655, 12, 2598, 65),
(3656, 12, 2598, 65),
(3657, 12, 2598, 65),
(3658, 12, 2598, 65),
(3659, 12, 2598, 65),
(3660, 12, 2598, 65),
(3661, 12, 2598, 65),
(3662, 12, 2598, 65),
(3663, 12, 2601, 1),
(3664, 12, 2602, 11),
(3665, 12, 2602, 11),
(3666, 12, 2602, 11),
(3667, 18, 2591, 0),
(3668, 13, 2577, 120),
(3669, 13, 2577, 120),
(3670, 13, 2577, 120),
(3671, 13, 2577, 120),
(3672, 14, 2577, 120),
(3674, 13, 2577, 120),
(3681, 18, 2608, 0),
(3682, 18, 2608, 0),
(3683, 18, 2608, 0),
(3684, 18, 2608, 0),
(3685, 12, 2610, 182),
(3686, 12, 2610, 182),
(3690, 18, 2608, 0),
(3691, 18, 2608, 0),
(3692, 18, 2608, 0),
(3693, 18, 2608, 0),
(3695, 11, 2676, 32),
(3696, 11, 2676, 32),
(3697, 11, 2676, 32),
(3698, 11, 2676, 32)
ON DUPLICATE KEY UPDATE id=id;

-- --------------------------------------------------------

--
-- Dumping data for table `localisation_atteinte`
--

INSERT INTO `localisation_atteinte` (`id`, `nom`, `url_img`) VALUES
(1, 'Crâne', 'body/head.png'),
(2, 'Membre supérieur droit', 'body/upper_right.png'),
(3, 'Membre supérieur gauche', 'body/upper_left.png'),
(4, 'Tronc/bassin', 'body/pelvis.png'),
(5, 'Membre inférieur droit', 'body/lower_right.png'),
(6, 'Membre inférieur gauche', 'body/lower_left.png')
ON DUPLICATE KEY UPDATE id=id;

-- --------------------------------------------------------

--
-- Dumping data for table `localisation_sujet`
--

INSERT INTO `localisation_sujet` (`id_sujet`, `id_diagnostic`, `id_localisation`) VALUES
(65135, 13, 1),
(65137, 2, 1),
(65137, 2, 4),
(65137, 10, 1),
(65139, 3, 2),
(65139, 3, 4),
(65139, 3, 5),
(65139, 3, 6),
(65139, 10, 3),
(65139, 10, 4),
(65139, 10, 5),
(65141, 7, 3),
(65142, 7, 2),
(65142, 7, 3),
(65143, 3, 5),
(65143, 3, 6),
(65144, 6, 1),
(65144, 6, 5),
(65144, 6, 6),
(65144, 12, 4),
(65145, 12, 2),
(65145, 12, 3),
(65145, 12, 4),
(65145, 12, 5),
(65145, 12, 6),
(65147, 13, 3),
(65147, 13, 4),
(65148, 13, 4),
(65148, 13, 5),
(65148, 13, 6),
(65149, 13, 6),
(65152, 7, 1),
(65152, 7, 3),
(65152, 7, 5),
(65152, 7, 6),
(65152, 13, 2),
(65152, 13, 3),
(65152, 13, 4),
(65152, 13, 5),
(65152, 13, 6),
(65153, 7, 1),
(65154, 7, 6),
(65154, 13, 2),
(65155, 13, 2),
(65156, 13, 6),
(65157, 7, 4),
(65158, 13, 1),
(65158, 13, 3),
(65159, 7, 4),
(65160, 13, 4),
(65160, 13, 5),
(65160, 13, 6),
(65161, 7, 3),
(65161, 7, 6),
(65161, 10, 4),
(65161, 13, 5),
(65161, 13, 6),
(65162, 7, 3),
(65162, 7, 4),
(65162, 7, 5),
(65162, 13, 6),
(65163, 13, 6),
(65164, 7, 3),
(65164, 7, 6),
(65164, 13, 2),
(65164, 13, 3),
(65165, 13, 5),
(65165, 13, 6),
(65167, 13, 2),
(65168, 7, 3),
(65168, 7, 5),
(65169, 13, 1),
(65170, 7, 5),
(65170, 7, 6),
(65170, 13, 6),
(65171, 13, 4),
(65172, 13, 1),
(65173, 13, 2),
(65173, 13, 3),
(65173, 13, 4),
(65174, 13, 1),
(65174, 13, 2),
(65174, 13, 3),
(65174, 13, 4),
(65174, 13, 5),
(65174, 13, 6),
(65176, 6, 4),
(65176, 10, 1),
(65176, 10, 3),
(65176, 10, 4),
(65177, 6, 1),
(65177, 6, 2),
(65177, 6, 3),
(65177, 6, 4),
(65177, 6, 5),
(65177, 6, 6),
(65177, 10, 1),
(65178, 10, 1),
(65179, 10, 4),
(65180, 13, 5),
(65180, 13, 6),
(65181, 6, 1),
(65181, 6, 5),
(65181, 6, 6),
(65182, 6, 1),
(65182, 10, 1),
(65183, 7, 3),
(65183, 7, 4),
(65183, 7, 5),
(65183, 7, 6),
(65184, 7, 5),
(65185, 7, 1),
(65186, 6, 1),
(65186, 6, 5),
(65186, 6, 6),
(65188, 10, 3),
(65188, 10, 6),
(65189, 10, 1),
(65190, 7, 1),
(65190, 10, 1),
(65191, 10, 1),
(65192, 10, 5),
(65192, 10, 6),
(65193, 10, 1),
(65193, 10, 5),
(65194, 10, 1),
(65195, 7, 1),
(65196, 7, 1),
(65196, 7, 5),
(65196, 7, 6),
(65197, 7, 1),
(65198, 7, 5),
(65198, 7, 6),
(65199, 10, 2),
(65199, 10, 3),
(65199, 10, 4),
(65200, 10, 0),
(65201, 13, 1),
(65202, 7, 2),
(65202, 7, 3),
(65202, 7, 4),
(65202, 7, 5),
(65202, 7, 6),
(65203, 7, 1),
(65206, 10, 1),
(65207, 7, 1),
(65208, 3, 1),
(65209, 7, 2),
(65209, 7, 3),
(65210, 13, 3),
(65211, 13, 1),
(65212, 13, 1),
(65213, 7, 2),
(65213, 7, 3),
(65213, 7, 5),
(65213, 7, 6),
(65214, 13, 1),
(65214, 13, 2),
(65214, 13, 3),
(65214, 13, 4),
(65215, 13, 1),
(65216, 7, 5),
(65216, 7, 6),
(65216, 13, 1),
(65217, 13, 1),
(65218, 7, 2),
(65218, 7, 3),
(65218, 13, 1),
(65219, 7, 6),
(65219, 13, 1),
(65220, 13, 4),
(65221, 13, 2),
(65221, 13, 3),
(65221, 13, 4),
(65221, 13, 5),
(65221, 13, 6),
(65222, 7, 1),
(65222, 13, 1),
(65223, 13, 1),
(65224, 13, 1),
(65225, 13, 1),
(65225, 13, 5),
(65225, 13, 6),
(65226, 7, 1),
(65227, 7, 3),
(65227, 13, 1),
(65228, 7, 1),
(65228, 13, 1),
(65229, 13, 1),
(65231, 3, 5),
(65231, 3, 6),
(65714, 8, 1),
(65714, 8, 2),
(65714, 8, 3),
(65714, 8, 4),
(65714, 8, 5),
(65714, 8, 6),
(65715, 13, 1),
(65715, 13, 5),
(65716, 13, 4),
(65716, 13, 6),
(65717, 13, 4),
(65718, 13, 4),
(65719, 13, 4),
(65720, 13, 4),
(65720, 13, 5),
(65722, 6, 4),
(65723, 6, 4),
(65723, 10, 3),
(65724, 12, 4),
(65725, 6, 4),
(65726, 6, 4),
(65727, 2, 1),
(65729, 10, 4),
(65729, 10, 6),
(65729, 12, 2),
(65729, 12, 3),
(65729, 12, 4),
(65730, 10, 5),
(65730, 13, 3),
(65731, 10, 2),
(65731, 12, 2),
(65731, 12, 4),
(65732, 12, 2),
(65732, 12, 3),
(65732, 12, 4),
(65732, 13, 6),
(65733, 10, 2),
(65734, 10, 5),
(65735, 10, 3),
(65735, 10, 6),
(65735, 13, 3),
(65735, 13, 4),
(65736, 10, 6),
(65737, 10, 5),
(65738, 10, 2),
(65740, 13, 2),
(65740, 13, 3),
(65741, 12, 3),
(65741, 12, 5),
(65741, 12, 6),
(65742, 12, 3),
(65743, 13, 4),
(65743, 13, 5),
(65744, 13, 4),
(65745, 13, 4),
(65746, 13, 4),
(65748, 13, 4),
(65749, 13, 4),
(65750, 13, 4),
(65752, 13, 6),
(65753, 13, 3),
(65753, 13, 4),
(65754, 13, 4),
(65755, 10, 2),
(65755, 10, 3),
(65755, 12, 1),
(65755, 12, 4),
(65755, 12, 5),
(65755, 12, 6),
(65756, 12, 2),
(65756, 12, 3),
(65756, 12, 4),
(65756, 12, 6),
(65757, 10, 2),
(65757, 12, 2),
(65757, 12, 5),
(65757, 12, 6),
(65758, 12, 5),
(65758, 12, 6),
(65759, 12, 4),
(65760, 12, 2),
(65761, 12, 1),
(65762, 13, 5),
(65762, 13, 6),
(65763, 12, 3),
(65763, 12, 4),
(65764, 12, 1),
(65764, 12, 2),
(65764, 12, 4),
(65764, 12, 5),
(65765, 12, 2),
(65765, 12, 4),
(65765, 12, 5),
(65766, 13, 4),
(65767, 10, 5),
(65768, 10, 6),
(65769, 10, 2),
(65770, 10, 2),
(65770, 10, 4),
(65771, 10, 6),
(65772, 10, 1),
(65772, 10, 2),
(65773, 10, 4),
(65776, 13, 4),
(65776, 13, 6),
(65777, 13, 4),
(65778, 13, 5),
(65778, 13, 6),
(65780, 13, 1),
(65782, 10, 3),
(65785, 12, 6),
(65786, 10, 1),
(65786, 10, 2),
(65787, 6, 4),
(65788, 6, 4),
(65789, 6, 4),
(65790, 6, 4),
(65791, 6, 4),
(65792, 6, 4),
(65793, 6, 4),
(65794, 6, 4),
(65795, 6, 4),
(65796, 6, 4),
(65797, 13, 5),
(65797, 13, 6),
(65798, 10, 3),
(65798, 13, 1),
(65799, 10, 6),
(65800, 5, 5),
(65801, 10, 6),
(65803, 4, 4),
(65803, 7, 4),
(65803, 7, 5),
(65803, 7, 6),
(65804, 7, 5),
(65804, 7, 6),
(65805, 10, 5),
(65806, 10, 3),
(65807, 13, 6),
(65808, 13, 6),
(65809, 13, 5),
(65811, 6, 4),
(65811, 13, 4),
(65812, 10, 3),
(65812, 10, 4),
(65812, 13, 3),
(65812, 13, 4),
(65813, 6, 4),
(65814, 10, 3),
(65816, 13, 2),
(65816, 13, 3),
(65817, 1, 1),
(65817, 2, 1),
(65817, 3, 1),
(65817, 3, 2),
(65817, 3, 3),
(65817, 3, 4),
(65817, 3, 5),
(65817, 3, 6),
(65817, 4, 4),
(65817, 5, 1),
(65817, 5, 2),
(65817, 5, 3),
(65817, 5, 4),
(65817, 5, 5),
(65817, 5, 6),
(65817, 6, 1),
(65817, 6, 2),
(65817, 6, 3),
(65817, 6, 4),
(65817, 6, 5),
(65817, 6, 6),
(65817, 7, 1),
(65817, 7, 2),
(65817, 7, 3),
(65817, 7, 4),
(65817, 7, 5),
(65817, 7, 6),
(65817, 8, 1),
(65817, 8, 2),
(65817, 8, 3),
(65817, 8, 4),
(65817, 8, 5),
(65817, 8, 6),
(65817, 10, 1),
(65817, 10, 2),
(65817, 10, 3),
(65817, 10, 4),
(65817, 10, 5),
(65817, 10, 6),
(65817, 11, 2),
(65817, 11, 3),
(65817, 11, 5),
(65817, 11, 6),
(65817, 12, 1),
(65817, 12, 2),
(65817, 12, 3),
(65817, 12, 4),
(65817, 12, 5),
(65817, 12, 6),
(65817, 13, 1),
(65817, 13, 2),
(65817, 13, 3),
(65817, 13, 4),
(65817, 13, 5),
(65817, 13, 6),
(65818, 11, 5),
(65819, 10, 2),
(65819, 13, 1),
(65820, 10, 2),
(65820, 10, 5),
(65820, 10, 6),
(65821, 3, 4),
(65821, 12, 3),
(65821, 12, 4),
(65822, 3, 4),
(65822, 12, 2),
(65822, 12, 3),
(65822, 12, 4),
(65823, 10, 2),
(65823, 10, 3),
(65823, 10, 5),
(65825, 12, 4),
(65825, 13, 1),
(65826, 12, 2),
(65826, 12, 3),
(65826, 12, 4),
(65827, 12, 6),
(65830, 3, 4),
(65830, 12, 2),
(65830, 12, 4),
(65832, 12, 4),
(65834, 12, 4),
(65834, 12, 5),
(65834, 12, 6),
(65838, 12, 2),
(65838, 12, 4),
(65839, 12, 2),
(65839, 12, 4),
(65840, 12, 4),
(65840, 12, 6),
(65842, 10, 2),
(65843, 12, 2),
(65843, 12, 3),
(65843, 12, 4),
(65843, 12, 5),
(65843, 12, 6),
(65844, 10, 2),
(65844, 12, 2),
(65844, 12, 4),
(65845, 10, 2),
(65845, 12, 2),
(65845, 12, 3),
(65845, 12, 4),
(65845, 12, 5),
(65847, 12, 4),
(65848, 3, 4),
(65849, 12, 4),
(65850, 13, 4),
(65851, 1, 1),
(65851, 2, 1),
(65851, 3, 4),
(65852, 12, 4),
(65852, 12, 5),
(65852, 13, 4),
(65852, 13, 5),
(65853, 10, 3),
(65855, 10, 4),
(65856, 3, 4),
(65858, 10, 2),
(65869, 5, 6),
(65870, 4, 4),
(65870, 13, 5),
(65874, 5, 3),
(65875, 5, 3),
(65876, 3, 2),
(65877, 3, 2),
(65877, 4, 4),
(65879, 10, 6),
(65880, 6, 4),
(65880, 6, 5),
(65880, 6, 6),
(65881, 10, 2),
(65882, 10, 2)
ON DUPLICATE KEY UPDATE id_sujet=id_sujet;

-- --------------------------------------------------------

--
-- Dumping data for table `mobilier_archeologique`
--

INSERT INTO `mobilier_archeologique` (`id`, `nom`) VALUES
(1, 'Accessoire vestimentaire et parure '),
(2, 'Armement, objet de prestige '),
(3, 'Dépôt de récipient'),
(4, 'Autre mobilier'),
(5, 'Mobilier atypique')
ON DUPLICATE KEY UPDATE id=id;

-- --------------------------------------------------------

--
-- Dumping data for table `operations`
--

INSERT INTO `operations` (`id`, `id_user`, `a_revoir`, `annee`, `id_commune`, `adresse`, `X`, `Y`, `id_organisme`, `id_type_op`, `EA`, `OA`, `patriarche`, `numero_operation`, `arrete_prescription`, `responsable`, `anthropologues`, `paleopathologistes`, `bibliographie`, `date_ajout`, `complet`) VALUES
(1877, 'AT', '', 2014, 4615, 'Saint-aubin des champs 2', NULL, NULL, 1, 2, '', '', '', 'F106273', '16-2013-127', '', '', '', 'Thomann a. (dir) - \"une nécropole de l’antiquité tardive et du haut moyen âge à evrecy, saint-aubin des champs 2 (calvados)\", rapport de fouille déposé au sra normandie en 2019, 7 vol., 3354.', NULL, 0),
(1878, 'AT', '', 2013, 9843, 'Les varennes, les andemares carrières lafarge, zone b4', NULL, NULL, 1, 2, '', '', '17-1073', 'F025266', 'AF-M-2008-72-B-Partie Nord', '', '', '', 'Beurion (dir), \"de l`âge du fer à la fin de l`époque médiévale : les occupations successives d`une berge de paléochenal en basse vallée de la seine, les varennes, les andemares, porte-joie, (eure)\" : rapport de fouille déposé au sra normandie, 2016, p.245-252', NULL, 0),
(1879, 'AT', '', 2010, 5019, 'Place saint-sauveur', NULL, NULL, 1, 1, '', '', '2943', 'DA16028301', '16-2010-092', '', '', '', 'Guillot (b.), thomann (a.), caen, place du marché et cimetière saint-sauveur. xiiie-xviie siècles. rapport de diagnostic déposé en 2010 au service régional de l`archéologie de basse-normandie à caen, 2010, 121 p.', NULL, 0),
(1880, 'clf', '', 1998, 35959, 'Château bleu', 2.55, 48.982, 5, 2, '', '', '', '', '', '', '', '', 'Frère, héron 1998 : frère (s.) , héron (c.) . — dfs de sauvetage urgent. tremblay-en-france, « château bleu. seine-saint-denis. bobigny - saint-denis : conseil général de seine-saint-denis, mission archéologie - service régional de l’archéologie d’île-de-france, 1998. 144 p.', NULL, 0),
(1881, 'clf', '', 2002, 35957, 'Hôpital avicenne', 2.42, 48.914, 1, 2, '', '', '', '', '', '', '', '', 'Marion et al. 2005 : marion (s.), le béchennec (y.), le forestier (c.), frère (s.), durgeau (s.). — bobigny (seine-saint-denis), « hôpital avicenne, bâtiment hospitalier, bâtiment de radiothérapie ». pantin : inrap cif, 2005.rapport de fouille, bobigny', NULL, 0),
(1882, 'clf', '', 2015, 35970, 'Centre-ville, box', 2.48, 48.903, 1, 2, '', '', '', 'F004935', '2010-729', '', '', '', 'Le forestier 2017 : le forestier (c.) . — bondy (seine-saint-denis), quartier de lattre de tassigny :  place du 11 novembre et rue jules guesde :  rapport de fouille : pantin : inrap cif, 2017.', NULL, 0),
(1883, 'clf', '', 2008, 35956, 'Rue du maréchal de lattre de tassigny', 2.537, 48.963, -1, 2, '', '', '', '', '', '', '', '', '', NULL, 0),
(1884, 'clf', '', 2018, 31380, '6 rue pasteur', 2.602, 49.066, 1, 2, '', '', '', '', '', '', '', '', '', NULL, 0),
(1885, 'clf', '', 2014, 36189, 'Zac des epineaux', 2.211, 49.021, 16, 2, '', '', '', '9914-9915-9939', '2014-063', '', '', '', 'Ben kaddour 2016 : ben kaddour (c.) . — val-d’oise, frépillon :  « zac des epineaux » :  importants établissements ruraux de l’antiquité et du haut moyen âge :  une nécropole du haut moyen âge. paris : direction régionale des affaires culturelles d’île-de-france, 2016.', NULL, 0),
(1886, 'clf', '', 2005, -1, 'Le dessus de rochefort', 2.428, 48.255, 1, 2, '', '', '6490, 7220', 'F001019, F004652', '2003-348, 2005-413', '', '', '', 'Samzun 2017 : samzun (a.) . — buthiers-boulancourt (seine-et-marne), « le dessus-de-rochefort », « le chemin de malesherbes », « les allains » :  rapport de fouille. pantin : inrap cif, 2017.', NULL, 0),
(1887, 'clf', '', 1978, 36148, 'Abbaye de maubuisson', 2.106, 49.039, 8, 2, '', '', '', '', '', '', '', '', '', NULL, 0),
(1888, 'clf', '', 1959, 36667, 'Basilique', 2.359, 48.935, 7, 2, '', '', '', '', '', '', '', '', '', NULL, 0),
(1889, 'clf', '', 2005, 36004, 'Les serres, 57 rue de maréchal leclerc', 2.429, 48.818, 1, 2, '', '', '7207', 'AB10091301', '2004-420', '', '', '', 'Dufour 2012 : dufour (j.-y.) . — saint-maurice (val-de-marne), 57 rue du maréchal leclerc :  temple et cimetière huguenot de charenton :  rapport de fouille : pantin : inrap cif, 2012.rapport de fouille', NULL, 0),
(1890, 'clf', '', 1990, 31605, 'Les ruelles', 2.782, 48.848, 8, 2, '', '', '', '?', '', '', '', '', '', NULL, 0),
(1891, 'clf', '', 2013, 31706, 'Les annonciades', 1.914, 49.008, 16, 2, '784010023', '', '', '9601', '2013-540', '', '', '', 'Gaugé 2015 : gaugé (e.) . — meulan (yvelines), les annonciades :  l’occupation des hauteurs de l’hautil :  de l’installation des comtes de meulan à la destruction des bâtiments du couvent des annonciades :  [rapport de fouille] : [limoges] : eveha, 2015.', NULL, 0),
(1892, 'CP', '', 2002, 3534, '40 route de troyes', 4.142, 48.532, 8, 2, '', '', '3953', '21007000302', '2002/286', '', '', '', 'Paresys c. - arcis-sur-aube, aube, 40 route de troyes : nécropole du bas-empire. rapport final d’opération. metz : inrap gen, 2011. 182 p.', NULL, 0),
(1893, 'CP', 'Oui', 2008, 19266, 'Le champ drillon (zac 1 secteur k)', 4.005, 49.223, 1, 2, '', '', '6012 (5783)', 'BB07022103', '2008/232', '', '', '', 'Achard-corompt n., bandelli a., cabart h., desbrosse-degobertière s., paresys c. - bezannes, zac 1, « le champ drillon » sites k et l. deux nécropoles et un habitat antiques en périphérie de durocortorum (2 vol.). metz : inrap gen, 2011. 108; 272. (rapport final d’opération).', NULL, 0),
(1894, 'CP', '', 2003, 19336, 'La croix gilles', 4.073, 49.354, 1, 2, '', '', '4276', '2107005502', '2003/237', '', '', '', 'Paresys c. - bourgogne “la croix gilles”. rapport final d’opération.  metz : inrap gen, 2007. 51 p.', NULL, 0),
(1895, 'CP', '', 2013, 3443, 'Les terriers (pla d39-d40)', 4.099, 48.236, 1, 2, '', 'F035269', '6997', 'BB07034001', '2012/254', '', '', '', 'Paresys c. - buchères, aube, « les terriers » (parc logistique de l’aube) ; l’évolution d’un terroir dans la plaine de troyes (v : campagnes de fouille 2012-2013) (4 vol.). metz : inrap gen, 2019. 554; 442; 330; 544. (rapport final d’opération).', NULL, 0),
(1896, 'CP', '', 2006, 3443, 'Preslin pla d19', 4.085, 48.225, 1, 2, '', '', '5136, 5304', 'BB07014001, BB07016901', '2005/130 ;  205: 430 ;  2006/162', '', '', '', 'Riquier v., grisard j. - buchères, moussey, st-léger-près-troyes (aube), parc logistique de l’aube ; l’évolution d’un terroir dans la plaine de troyes, i et ii : campagnes de fouille 2005 et 2006 (8 vol.). metz : inrap gen, 2014. 702; 558; 298; 752; 544; 252; 652; 452. (rapport final d’opération).', NULL, 0),
(1897, 'CP', 'Oui', 2006, 3443, 'La pointe pla d26', 4.088, 48.228, 1, 2, '', '', '5136, 5304', 'BB07014001, BB07016901', '2005/130 ;  205: 430 ;  2006/162', '', '', '', 'Riquier v., grisard j. - buchères, moussey, st-léger-près-troyes (aube), parc logistique de l’aube ; l’évolution d’un terroir dans la plaine de troyes, i et ii : campagnes de fouille 2005 et 2006 (8 vol.). metz : inrap gen, 2014. 702; 558; 298; 752; 544; 252; 652; 452. (rapport final d’opération).', NULL, 0),
(1898, 'CP', '', 2014, 3443, 'D41', 4.104, 48.228, 1, 2, '', '07. 7205', '', 'F035380', '2013/169', '', '', '', 'Rfo pas encore rendu', NULL, 0),
(1899, 'CP', '', 2002, 19229, 'Europort vatry, zac 2, site 24-25', 4.223, 48.781, 8, 2, '', '', '3538', '20076101', '2001/200', '', '', '', 'Achard-corompt n., bocquet s., bonnabel l., paresys c. - bussy-lettrée (51) \" site 24-25, europort de vatry zac 2 \" :  rapport de fouilles (2 volumes). metz : inrap gen, 2006. 290. (rapport final d’opération).', NULL, 0),
(1900, 'CP', 'Oui', 2016, 3424, 'Les borsins', 3.399, 48.47, 1, 2, '', '07.6771', '6771', 'F113090', '2011/333', '', '', '', 'Robert b. - grand est, aube, courceroy, borsin un système enclos laténien à courceroy (aube) (3 vol.). metz : inrap ge, 2020. 419, 368; 294. (rapport final d’opération).', NULL, 0),
(1901, 'CP', '', 2001, 19195, 'Les coupes', 4.239, 48.768, 8, 2, '', '', '', '20075772', '2001/181', '', '', '', 'Paresys c. - dommartin-lettrée “les coupes”. metz : inrap gen, 2007. 126. (rapport final d’opération).', NULL, 0),
(1902, 'CP', '', 2016, 19505, 'Chemin du chardonneret', 3.664, 48.555, 1, 2, '', '07.7292', '7292', 'F035348', '2013/371', '', '', '', 'Desbrosse-degobertière s. - grand est, aube, esclavolles-lurey, « le chardonneret ». lieu de halte, lieu de vie, lieu de passage et lieu de repos éternel en vallée de la seine.  metz : inrap gen, 2020 (rapport final d’opération)', NULL, 0),
(1903, 'CP', '', 2012, 19505, 'La pièce de bécheret', 3.664, 48.554, 1, 2, '', 'F035249', '6831', 'BB07032801', '2012/005', '', '', '', 'Rémy a. - esclavolles-lurey, marne, “la pièce de bêcheret” installations funéraires et domestiques de l’âge du bronze au haut moyen âge à esclavolles-lurey (3 vol.). rapport final d’opération. metz : inrap gen, 2016', NULL, 0),
(1904, 'CP', '', 2002, 35405, 'Les corvées', 4.088, 48.328, 1, 2, '', '10191012', '', '', '2002/056', '', '', '', 'Riquier v., durost r., paresys c., matterne v., fechner k. - lavau “les corvées”. metz : afan, 2002. 86. (rapport final d’opération).', NULL, 0),
(1905, 'CP', '', 2002, 3278, 'Le village', 4.127, 48.444, 1, 2, '', '', '', '200772801', '2002/057', '', '', '', 'Paresys c. - montsuzain (aube) « le village ». metz : inrap gen, 2002. 39. (rapport final d’opération).', NULL, 0),
(1906, 'CP', '', 2000, -1, 'Le clos', 4.298, 49.413, 8, 2, '', '831415', '', '200748101', '2000/101', '', '', '', 'Achard-corompt n., bonnabel l., friboulet m., matterne v. - neuflize [ardennes] (08) «  le clos » :  rapport de fouilles. metz : inrap gen, 2004. 136. (rapport final d’opération).', NULL, 0),
(1907, 'CP', '', 2007, 35397, 'Déviation', 4.314, 48.994, 1, 2, '', '', '5110', 'BB07017001', '2005/062', '', '', '', 'Achard-corompt n. - recy (marne) « déviation de recy » : fouille d’une nécropole gallo-romaine : rapport de fouilles (2 volumes). metz : inrap gen, 2009. 65; 162. (rapport final d’opération).', NULL, 0),
(1908, 'CP', '', 2000, 19585, '12 rue martin peller', 4.014, 49.248, 8, 2, '', '51454248', '3189', '200734502', '2000/56', '', '', '', 'Paya d., paresys c. - reims “rue martin peller”. 2010. 394. (rapport final d’opération).', NULL, 0),
(1909, 'CP', '', 1999, 19585, '2 rue nicolas roland', 4.036, 49.244, 8, 2, '', '51454227', '3003', '200734001', '1999/97', '', '', '', 'Bonnabel l., paresys c., richard i., roms c. - reims (marne), « 2 rue nicolas roland » :  cimetière de création post-révolutionnaire (xviiie-xixe siècles), cave et puits gallo-romains :  rapport de fouilles. metz : inrap gen, 2011. 137. (rapport final d’opération).', NULL, 0),
(1910, 'CP', '', 2001, 3580, 'Les gallérandes', 4.521, 48.439, 8, 2, '', '', '3449', '200746302', '2001/111', '', '', '', 'Friboulet m., bonnabel l. - rosnay-l’hôpital “les gallérandes” (aube) occupations funéraires du néolithique ancien au néolithique récent. metz : inrap gen, 2016. 322. (rapport final d’opération).', NULL, 0),
(1911, 'CP', '', 2002, 35681, 'La tuilerie', 4.962, 48.625, 8, 2, '', '52448047', '3668', '200769401', '2001/330', '', '', '', 'Truc m.-c. - saint-dizier “la tuilerie”, rn4, aire de service (haute-marne); sépultures aristocratiques et habitat du haut moyen âge (4 vol.). metz : inrap gen, 2009. 204; 147; 199; 276. (rapport final d’opération).', NULL, 0),
(1912, 'CP', '', 2001, 19456, 'La croix cassée', 3.777, 49.245, 8, 2, '', '', '3566', '200733902', '2001/228 ;  2001/289', '', '', '', 'Paresys c. - savigny-sur-ardres “la croix cassée” (2 vol.). metz : inrap gen, 2010. 222; 293. (rapport final d’opération).', NULL, 0),
(1913, 'CP', '', 2005, 3562, 'La croix jean colas, les bas riceys', 3.975, 48.288, 1, 2, '', '', '5116', 'BBOT013901', '2005/070', '', '', '', 'Laloo p., paresys c. - torvilliers “la croix jean colas” “les bas riceys”; bâtiments, greniers et silos protohistoriques. metz : inrap gen, 2017. 432. (rapport final d’opération).', NULL, 0),
(1914, 'CP', '', 1995, 3597, 'Porte chaillouet', 4.081, 48.303, 8, 2, '', '10387021', '', '', '', '', '', '', 'Deborde g. - troyes, porte chaillouet (2 vol. texte, inventaires). châlons-en-champagne : afan, 1995. 124; 91. (rapport final d’opération).', NULL, 0),
(1915, 'CP', '', 2005, 3597, '9-11 rue de la paix', 4.07, 48.2999, 1, 2, '', '', '5169', '', '2005/184', '', '', '', 'Deborde g., deborde j., paresys c., ahü-delor a. - troyes (aube) 9 et 11 rue de la paix : rapport de fouilles (4 vol.). metz : inrap gen, 2009. 83; 69; 160; 124. (rapport final d’opération).', NULL, 0),
(1916, 'CP', '', 2014, 3597, '36-44 rue voltaire', 4.062, 48.295, 1, 2, '', '', '7158', 'F035333', '2013/062', '', '', '', 'Roms c. - grand est, aube, troyes « 36-44 rue voltaire »; extraction, nécropole et faux-fossés : aux marges de la ville antique et médiévale de troyes (2 vol.). metz : inrap gen, 2018. 174; 348. (rapport final d’opération).', NULL, 0),
(1917, 'NG', 'Sortir les illus du rapport', 2007, 32485, 'Rue françois villon 1', 2.239, 49.869, 1, 2, '', '', '8934', 'GB19070301', 'SRA 2006-603018A2 et 2007-603018A3', '', '', '', '', NULL, 0),
(1918, 'NG', '', 2013, 23202, 'Rue roger salengro 150', 3.518, 50.315, 1, 2, '', '', '155088', '155088', '09/227', '', '', '', '', NULL, 0),
(1919, 'NG', '', 2011, 25009, 'Crypte de la basilique notre dame', 1.614, 50.725, 1, 1, '', '', '5648', '', '07/092bis/DIAG', '', '', '', '', NULL, 0),
(1920, 'NG', '', 2019, 22958, 'Place charles de gaulle', 3.963, 50.215, 1, 1, '', '', '158691', '158691', '18097', '', '', '', '', NULL, 0),
(2596, '', '', NULL, 21776, '', 5.1123, 47.3327, -1, -1, '', '', '', '', '', '', '', '', '', NULL, 0),
(1923, 'NG', '', 2006, 31247, 'Requalification des places charles de gaulle et saint-vaast', 2.883, 50.686, 1, 1, '', '', '5901705299', '', '05299/DIAG', '', '', '', '', NULL, 0),
(1924, 'NG', 'À reprendre avec dvd', 2004, 23207, 'Place saint amé', 3.075, 50.368, 6, 2, '', '', '155431', '145-04/145-05', '04-201', '', '', '', 'Joël blondiaux', NULL, 0),
(1925, 'NG', 'À terminer et consulter les fiches de terrain pour les infos archéo et contexte + retrouver radio des squel et photos des sép', 1993, 23162, 'Le cimetière et l`église de wasquehal', 3.131, 50.669, 8, 2, '', '', '59646002 AH', '', '', '', '', '', 'Dr a. macke', NULL, 0),
(1926, 'NG', 'Extraire les photos de l`amputation : p. 43, 107, 109 et 110 du rapport', 2017, 745, 'Eglise sainte-benoite', 3.88, 49.94, 1, 1, '', '', '12069', 'C114178', '2018-PGR222017012069', '', '', '', '', NULL, 0),
(1927, 'NG', 'Compléter infos sur la fouille', 0, 33091, 'Maladrerie saint lazare', NULL, NULL, 7, 2, '', '', '', '', '', '', '', '', '', NULL, 0),
(1933, 'NG', '', 2014, 31069, '27-35 rue de tournai : le couvent des dames de l`abbiette', 3.074, 50.633, 1, 1, '', '', '157450', '157450', '13/056/DIAG', '', '', '', '', NULL, 0),
(1934, 'NG', '', 2008, 25398, '227 rue lamartine', 2.692, 50.449, 13, 2, '', '', '4904', '', '08-093', '', '', '', 'Philippe charlier', NULL, 0),
(1938, 'RC', 'À finir', 2011, 13464, 'Couvent des jacobins', -1.681, 48.115, 1, 2, '', '', '', 'F024982', '2011-011', '', '', '', 'Le cloirec, gaétan. « l’étude archéologique du couvent des jacobins de rennes (35), du quartier antique à l’établissement dominicain ». rapport final d’opération archéologique. cesson-sévigné: inrap grand-ouest, 2016.', NULL, 0),
(2264, '', '', 2018, 35969, 'rue Nast', 2, 48, 1, 2, '', '', '', '', '', 'Christelle SENG', 'Cyrille Le Forestier', 'Frédéric Boursier', '', NULL, 0),
(2580, '', '', 1987, 35941, 'Grande Rue', 2.51245, 48.883, -1, 3, '', '', '', '', '', 'Gilbert-Robert Delahaye', '', '', 'Collection \"Aulnoye Jadis\"   Catalogue des nécropoles (ADN)', NULL, 1),
(2031, '', '', 2005, 5896, 'la Coudrée', NULL, NULL, 1, 2, '', '', '172550003', '', 'AA/05/25', 'Jean-Paul Nibodeau', 'Fabrice Leroy', 'Samuel Bédécarrats', 'JP Nibodeau (dir), 2007 Nancras « la Coudrée » (Charente-maritime). Rapport Final de Fouille, Inrap GSO. 2 volumes.\r\nS Bédécarrats, 2015 Caractérisation biologique et comportement funéraire d’une poipulation rurale d’époque moderne – La « Coudrée », Nancras, Charente-Maritime (17). Mémoire de Master 2 Anthropologie biologique. Université de Bordeaux. 73 p.', NULL, 0),
(2266, '', '', 2018, 23070, 'Grand-Place, parc public, rue du château', 3.00694, 50.7656, 1, 1, '', '', '', '153387', '2017-083 et 2017-083-2', 'Jean-Claude Routier', 'Nuria Villena I Mota', '', 'Jean-Claude Routier. Comines, Grand-Place, parc public, rue du Château : rapport de diagnostic. Glisy : Inrap HdF, 2018.- 1 vol. (204 p.).', NULL, 0),
(2267, '', '', 2017, 31444, 'Bois Gratuel, Les Mazarins', NULL, NULL, 1, 2, '', '', '10508', '', 'SRA 2016-345 et SRA 2017-621', 'Céline Casasoprana', 'Camille Colonna', '', '', NULL, 0),
(2268, '', '', 2016, 31382, '62-72 rue St Faron', NULL, NULL, 1, 2, '', '', '', '', '', 'David Couturier', 'Camille Colonna', 'Frédérique Boursier', 'https://dolia.inrap.fr/flora/ark:/64298/0157185', NULL, 0),
(2270, '', '', 2019, 30622, '4-8 rue de l\'Epargne', 0.757673, 49.6173, 1, 2, '', '173108', '', 'F129251', '28-2019-566', 'Raphaëlle Lefebvre', 'Raphaëlle Lefebvre', 'Frédéric Boursier', '', NULL, 0),
(2271, '', '', 2008, 35952, 'Rue des Mastraits', NULL, NULL, 1, 2, '', '', '8231', '', '2007-425', 'Cyrille Le Forestier', 'Cyrille Le Forestier', '', 'Le Forestier, 2012, Noisy-le-Grand, 4 rue des Mastraits : rapport final d\'opération, Conseil Général de Seine-Saint-Denis : Bureau de l\'archéologie, Inrap : Centre-Ile-de-France, 2 vol. (415 p., 572 p.)', NULL, 0),
(2272, '', '', 2015, 35970, 'Rue Jules Guesde', 2.48071, 48.903, 1, 2, '', '', '', '', '', 'C. LE FORESTIER', 'C. LE FORESTIER', '', 'Le Forestier 2017 : le forestier (c.) . — bondy (seine-saint-denis), quartier de lattre de tassigny : place du 11 novembre et rue jules guesde : rapport de fouille : pantin : inrap cif, 2017.', NULL, 0),
(2273, '', '', 2012, 5491, 'Les Pièces de Monsieur Jarnac', NULL, NULL, 1, 2, '', '5598', '', 'F010238', 'AF//10/402', 'Nelly Connet', 'Isabelle Souquet', '', 'N. Connet, A. Hanry, D. Martins, I. Souquet-Leroy, 2016 Bourg-Charente, Les Pièces de Monsieur Jarnac, Installations humaines sur un versant de la Charente du paléolithique moyen au Moyen Age, rapport de fouille, Inrap GSO. 3 volumes.\r\nA. Tisserand, 2018 Etude des ensembles sépulcraux carolingiens (VIIe – Xe siècles) du site des Pièces de Monsieur Jarnac à Bourg-Charente (Charente) : approche anthropologique. Observations et analyses des caractères discrets, des patrhologies et des marqueurs osseux articulaires d’activité. Mémoire de Master 2 Archéologie préventive. Sous la direction de A. CHampagnet Isabelle Souquet-Leroy. Université de Pau et des Pays de l’Adour. 184 pages.\r\nI. Frighetto, 2019 Le phénomène des sépultures doubles et triples au Haut Moyen Age en Aquitaine rurale (Ve – Xe siècle). Archéothanatologie et biologie. Mémoire de master 2 Archéothanatologie. Souq la direction de Isabelle Souquet, Mark Guillon et Caroline Partiot. Université de Bordeaux.69 pages.', NULL, 0),
(2571, '', '', 2018, 35967, '12 rue des Berthauds', NULL, NULL, 1, 2, '', '', '10733', 'F121402', '', 'P. Debouige', 'Camille Colonna', '', 'Rosny-sous-Bois (Seine-Saint-Denis), \"12 rue des Berthauds\" : rapport de fouille [Texte imprimé] / sous la direction de Priscillia Debouige  par Priscillia Debouige, François Renel, Caroline Claude... [et al.]  avec la collaboration de Mehdi Belarbi, Iliana Pasquier.- Pantin : Inrap CIF, 2020.- 1 vol. (299 p.) : 134 fig., ill. en noir et en coul., couv. ill. en coul. ; 30 cm', NULL, 0),
(2585, '', '', 2013, 36097, 'Eglise St Pierre St Paul', NULL, NULL, 1, 2, '', '', '8604', 'F004928', '', 'N. Karst', 'Isabelle Abadie', 'Camille Colonna,P. Charlier', 'Gonesse (Val-d\'Oise), Eglise Saint-Pierre et Saint-Paul : Volume 2 : les sépultures de l\'église Saint-Pierre et Saint-Paul : rapport de fouille [Texte imprimé] / sous la direction de Nathalie Karst  par Isabelle Abadie  avec la collaboration de Mehdi Belarbi, Hélène Civalleri, Camille Colonna... [et al.].- Pantin : Inrap CIF, 2016.- 1 vol. 188 p.) : 186 fig., ill. en noir et en coul., couv. ill. en coul. ; 30 cm', NULL, 0),
(2574, '', '', 2019, 35910, '2 place de l\'église', NULL, NULL, 1, 2, '', '', '1010927', 'F124427', '', 'C. Colonna', 'Camille Colonna', '', 'Antony (Hauts-de-Seine), 2 place de l\'Eglise : rapport de fouille [Texte imprimé] / par Camille Colonna  et Caroline Claude, Annie Lefèvre, Nicolas Warmé  avec la collaboration de Mehdi Belarbi, Julia Wilson.- Pantin : Inrap CIF, 2020.- 1 vol. (192 p.) : 86 fig., ill. en noir et en coul., couv. ill. en coul. ; 30 cm', NULL, 0),
(2582, '', '', 2011, 36094, 'Zac du Parc, Parc du Chateau,  Rue de Paris', 2.50671, 49.0406, 16, 2, '', '', '', '', ' n° 2010-038 du 21 janvier 2010', 'A-S. Vigot', '', '', 'VIGOT 2014 : VIGOT A.-S., COUSSIRAT M. et alii - La fouille de la ZAC du Parc, LOUVRES (95): ≪ une importante necropole antique≫, Rapport final d\'opération archéologique, Éveha –Études et valorisations archéologiques (Limoges, F), 6 vol., SRA Île-de-France, 2014', NULL, 0),
(2575, '', '', 2014, 35954, '4 Rue Hemet', 2.39069, 48.9153, 26, 2, '', '', '', '2014a015', '2014-530', 'Fabien Normand', '', 'DARNTON  et Colloque GALF', 'Normand, Kérien 2017 – 4, Rue Hémet, Aubervilliers, Rapport de sauvetage urgent, Bureau de l’Archéologie, Seine-Saint-Denis', NULL, 1),
(2577, '', '', 2019, 35970, '9 Place de la Division Leclerc', 2.48075, 48.9027, 26, 1, '', '', '', '2018a011/10858', '2018-447', 'Cristina Gonçalves-Buissart', '', '', 'Cristina Gonçalves-Buissart Dir.. 2021 -Place de la Division Leclerc  Bondy - Rapport de diagnostic archéologique, Bureau de l\'Archéologie, Seine-Saint-Denis', NULL, 1),
(2587, '', '', 2006, 6192, 'Fontsèche', NULL, NULL, 1, 2, '', '', '', '', '', 'Michel Pichon', 'Isabelle Souquet', '', '', NULL, 0),
(2591, '', '', NULL, 4897, '', NULL, NULL, -1, -1, '', '', '', '', '', '', '', '', '', NULL, 0),
(2592, '', '', 2001, 14118, 'rue E. Zola, rue de Lucé (ancien cinéma Olympia)', NULL, NULL, 8, 2, '', '', '', '100650301', '', 'Jouquand Anne-Marie', '', '', 'Tours (Indre-et-Loire), Le Temple antique : Centre Dramatique Régional, ancien cinéma Olympia : rapport de fouilles [Texte imprimé] / Anne-Marie Jouquand, Patrick Neury, Emilie Trébuchet, Alain Wittmann  avec la collaboration de Jacques Seigne, Dominique Tardy.- Orléans : SRA du Centre, 2002.- 1 vol. (67 p.) : couv. en coul., ill. en noir et blanc, 54 fig., 35 photogr., plans ; 30 cm', NULL, 0),
(2593, '', '', 2019, 35934, 'Eglise St Hermeland', NULL, NULL, 1, 2, '', '', '1011061', 'F128800', '', 'Camille Colonna', 'Camille Colonna', '', '', NULL, 0),
(2598, '', '', 2015, 24021, 'rue des Ardrillers', 0.16, 48.6, 1, 2, '', '163670', '', 'F110262', '16-2015-019', 'Bastien Simier', 'Raphaëlle Lefebvre', 'Denis Bougault', 'Simier Bastien (Dir.) \" Sées (Orne), Rue des Ardrillers, Faubourg antique de la civitas saiorum et nécropole des VIIe-VIIIe siècles\", Rapport final d\'opération, Caen, Inrap Grand ouest, 2017', NULL, 0),
(2599, '', '', 2011, 35970, 'Quartier De Lattre de Tassigny', 2.48116, 48.9033, 1, 2, '930100018', '8785', '', 'F004935', '2010-729', 'Cyrille Le Forestier', 'Cyrille Le Forestier', 'Frédéric Boursier', 'Le Forestier C. 2011 : Bondy (Seine-Saint-Denis), Quartier De Lattre de Tassigny, Place du 11 nomvembre et rue Jules Guesde, Rapport final d’opération de fouille préventive, Inrap,.2 vol., 619 p.\r\n\r\nhttps://www.inrap.fr/les-necropoles-du-centre-ville-de-bondy-15360', NULL, 1),
(2601, '', '', 2014, 24021, 'rue des Ardrillers', 0.171648, 48.603, 1, 1, '', '', '', 'D108702', '16-2014-171', 'Guillot Bénédicte', 'Raphaëlle Lefebvre', '', 'Guillot Bénédicte (Dir.) \" Sées (Orne), Rue des Ardrillers, Occupation antique et quelques sépultures isolées\", Rapport final de diagnostic, Caen, Inrap Grand ouest, 2014', NULL, 0),
(2602, '', '', 2011, 10291, 'Le Postel, Le pré Rompu, Le Chène, Le Port au Chanvre - Tranche 1', 1.16288, 49.313, 1, 2, '', '', '', '2010-DB 17014402', 'AF-2005-M-76-A-Fouille Ouest', 'Cyril Marcigny, Sylvain Mazet', 'Raphaëlle Lefebvre', '', 'Marcigny C., Mazet S. (Dir.) Au bord de l\'eau ! Les occupations humaines d\'une berge de la Seine du Tardiglaciaire à nos jours, Le Postel, Le Pré Rompu, le Chêne, Le Port au Chanvre, Les Diguets, Alizay, Le Fort, Les Limais, Igoville, (Eure) : rapport de fouille, Rouen, Inrap Grand ouest, 2015', NULL, 0),
(2608, '', '', NULL, 294, 'Temporaire', 1.53809, 46.9982, -1, -1, '', '', '', '', '', '', '', '', '', '2022-03-15', 0),
(2610, '', '', 2016, 19505, 'chemin du chardonneret', 48.555, 3.664, 1, 2, '', '07.7292', '7292', 'F035348', '2013/371', 'Stéphanie DESBROSSE-DEGOBERTIERE', 'Stéphanie DESBROSSE-DEGOBERTIERE,Cécile PARESYS', 'Yves DARTON', 'DESBROSSE-DEGOBERTIÈRE S. - Grand Est, Aube, Esclavolles-Lurey, « Le Chardonneret ». Lieu de halte, lieu de vie, lieu de passage et lieu de repos éternel en vallée de la Seine (4 vol).  Metz : Inrap GEN, 2020, 1526.\r\nhttp://dolia.inrap.fr/flora/ark:/64298/0160262', '2022-03-17', 0),
(2611, '', '', 2002, 3534, '40 route de Troyes', 48.532, 4.142, 8, 2, '', '', '3953', '21007000302', '2002/286', 'Cécile PARESYS', 'Cécile PARESYS', 'Philippe CHARLIER', 'PARESYS C. - Arcis-sur-Aube, Aube, 40 route de Troyes : nécropole du Bas-Empire.Metz : Inrap GEN, 2011. 182. \r\nhttp://dolia.inrap.fr/flora/ark:/64298/0121989', '2022-03-17', 0),
(2612, '', '', 2003, 19336, 'la Croix Gilles', 49.354, 4.073, 1, -1, '', '', '4276', '2107005502', '2003/237', 'Cécile PARESYS', 'Cécile PARESYS', 'Maurice GRAND', 'PARESYS C. - Bourgogne “la Croix Gilles”.  Metz : Inrap GEN, 2007. 51.\r\nhttp://dolia.inrap.fr/flora/ark:/64298/0156779', '2022-03-17', 0),
(2613, '', '', 2012, 19505, 'la Pièce de Bécheret', 48.554, 3.664, 1, 2, '', 'F035249', '6831', 'BB07032801', '2012/005', 'Arnaud REMY', 'Cécile PARESYS', 'Yves DARTON', 'RÉMY A. - Esclavolles-Lurey, Marne, “la Pièce de Bêcheret” installations funéraires et domestiques de l’âge du Bronze au haut Moyen Âge à Esclavolles-Lurey (3 vol.). Metz : Inrap GEN, 2016, 330. \r\nhttp://dolia.inrap.fr/flora/ark:/64298/0142629', '2022-03-17', 0),
(2614, '', '', 2011, 3443, 'les Vignes Neuves (PLA D37-D38)', 48.23, 4.104, 1, 2, '', '', '6680', 'BB07030501', '2011/138', 'Cécile PARESYS', 'Cécile PARESYS', 'Yves DARTON', 'PARESYS C. - Buchères, Moussey, Saint-Léger-près-Troyes (Aube) Parc Logistique de l’Aube ; l’évolution d’un terroir dans la plaine de Troyes (IV : campagne de fouille 2011). Metz : Inrap GEN, 2014. 394. \r\nhttp://dolia.inrap.fr/flora/ark:/64298/0135799', '2022-03-17', 0),
(2615, '', '', 2013, 3443, 'Les Terriers (PLA D39-D40)', 48.236, 4.099, 1, 2, '', 'F035269', '6997', 'BB07034001', '2012/254', 'Cécile PARESYS', 'Cécile PARESYS', 'Yves DARTON', 'PARESYS C. - Buchères, Aube, « Les Terriers » (Parc Logistique de l’Aube) ; l’évolution d’un terroir dans la plaine de Troyes (V : campagnes de fouille 2012-2013) (4 vol.). Metz : Inrap GEN, 2019. 554; 442; 330; 544. \r\nhttp://dolia.inrap.fr/flora/ark:/64298/0156779', '2022-03-17', 0),
(2617, '', '', 2001, 19195, 'Les Coupes', 48.768, 4.239, 8, 2, '', '', '', '20075772', '2001/181', 'Cécile PARESYS', 'Cécile PARESYS', 'Maurice GRAND', 'PARESYS C. - Dommartin-Lettrée “les Coupes”. Metz : Inrap GEN, 2007. 126. \r\nhttp://dolia.inrap.fr/flora/ark:/64298/0121886', '2022-03-17', 0),
(2618, '', '', 2002, 3278, 'le Village', 48.444, 4.127, 1, 2, '', '', '', '200772801', '2002/057', 'Cécile PARESYS', 'Cécile PARESYS', 'Maurice GRAND', 'PARESYS C. - Montsuzain (Aube) « le Village ». Metz : Inrap GEN, 2002. 39. \r\nhttp://dolia.inrap.fr/flora/ark:/64298/01617', '2022-03-17', 0),
(2619, '', '', 2001, 19456, 'la Croix Cassée', 49.245, 3.777, 8, 2, '', '', '3566', '200733902', '2001/228 ;  2001/289', 'Cécile PARESYS', 'Cécile PARESYS', 'Yves DARTON', 'PARESYS C. - Savigny-sur-Ardres “la Croix Cassée” (2 vol.). Metz : Inrap GEN, 2010. 222; 293. \r\nhttp://dolia.inrap.fr/flora/ark:/64298/0117290', '2022-03-17', 0),
(2620, '', '', 2008, 19266, 'le Champ Drillon (ZAC 1 secteur K)', 49.223, 4.005, 1, 2, '', '', '6012 (5783)', 'BB07022103', '2008/232', 'Nathalie ACHARD-COROMPT', 'Stéphanie DEGOBERTIERE', '', 'ACHARD-COROMPT N., BANDELLI A., CABART H., DESBROSSE-DEGOBERTIÈRE S., PARESYS C. - Bezannes, ZAC 1, « le Champ Drillon » sites K et L. Deux nécropoles et un habitat antiques en périphérie de Durocortorum (2 vol.). Metz : Inrap GEN, 2011. 108; 272. \r\nhttp://dolia.inrap.fr/flora/ark:/64298/0119251', '2022-03-17', 0),
(2621, '', '', 2006, 3443, 'Preslin PLA D19', 48.225, 4.085, 1, 2, '', '', '5136, 5304', 'BB07014001, BB07016901', '2005/130 ;  205: 430 ;  2006/162', 'Vincent RIQUIER', 'Cécile PARESYS', 'Philippe CHARLIER', 'RIQUIER V., GRISARD J. - Buchères, Moussey, St-Léger-près-Troyes (Aube), Parc Logistique de l’Aube ; l’évolution d’un terroir dans la plaine de Troyes, I et II : campagnes de fouille 2005 et 2006 (8 vol.). Metz : Inrap GEN, 2014. 702; 558; 298; 752; 544; 252; 652; 452.\r\nhttp://dolia.inrap.fr/flora/ark:/64298/0134987', '2022-03-17', 0),
(2622, '', '', 2014, 3443, 'Les Vignes Neuves PLA D41', 48.228, 4.104, 1, 2, '', '07. 7205', '', 'F035380', '2013/169', 'Virginie DESMARCHELIER', 'Cécile PARESYS', 'Yves DARTON', '', '2022-03-17', 0),
(2623, '', '', 2002, 19229, 'en Haut les Gravelles (site 24-25)', 48.781, 4.223, 8, 2, '', '', '3538', '20076101', '2001/200', 'Nathalie ACHARD-COROMPT', 'Lola BONNABEL,Cécile PARESYS', '', 'ACHARD-COROMPT N., BOCQUET S., BONNABEL L., PARESYS C. - Bussy-Lettrée (51) \" Site 24-25, Europort de Vatry ZAC 2 \" :  rapport de fouilles (2 volumes). Metz : Inrap GEN, 2006. 290.\r\nhttp://dolia.inrap.fr/flora/ark:/64298/013879', '2022-03-17', 0),
(2624, '', '', 2016, 3424, 'les Borsins', 48.47, 3.399, 1, 2, '', '07.6771', '6771', 'F113090', '2011/333', 'Bruno ROBERT', 'Cécile PARESYS', '', 'ROBERT B. - Grand Est, Aube, Courceroy, Borsin Un système enclos laténien à Courceroy (Aube) (3 vol.). Metz : INRAP GE, 2020. 419, 368; 294. \r\nhttp://dolia.inrap.fr/flora/ark:/64298/0161800', '2022-03-17', 0),
(2625, '', '', 2002, 3646, 'les Corvées', 48.328, 4.088, 1, 2, '', '10191012', '', '', '2002/056', 'Vincent RIQUIER', 'Cécile PARESYS', '', 'RIQUIER V., DUROST R., PARESYS C., MATTERNE V., FECHNER K. - Lavau “les Corvées”. Metz : AFAN, 2002. 86. \r\nhttp://dolia.inrap.fr/flora/ark:/64298/01540', '2022-03-17', 0),
(2626, '', '', 2000, 2668, 'le Clos', 49.413, 4.298, 8, 2, '', '831415', '', '200748101', '2000/101', 'Nathalie ACHARD-COROMPT', 'Cécile PARESYS', '', 'ACHARD-COROMPT N., BONNABEL L., FRIBOULET M., MATTERNE V. - Neuflize [Ardennes] (08) «  Le Clos » :  rapport de fouilles. Metz : Inrap GEN, 2004. 136. \r\nhttp://dolia.inrap.fr/flora/ark:/64298/01604', '2022-03-17', 0),
(2627, '', '', 2007, 19188, 'déviation', 48.994, 4.314, 1, 2, '', '', '5110', 'BB07017001', '2005/062', 'Nathalie ACHARD-COROMPT', 'Cécile PARESYS', '', 'ACHARD-COROMPT N. - Recy (Marne) « Déviation de Recy » : Fouille d’une nécropole gallo-romaine : rapport de fouilles (2 volumes). Metz : Inrap GEN, 2009. 65; 162. \r\nhttp://dolia.inrap.fr/flora/ark:/64298/0111118', '2022-03-17', 0),
(2628, '', '', 2000, 19036, '12 rue Martin Peller', 49.248, 4.014, 8, 2, '', '51454248', '3189', '200734502', '2000/56', 'Didier PAYA', 'Cécile PARESYS,Isabelle RICHARD', 'Philippe CHARLIER', 'PAYA D., PARESYS C. - Reims “rue Martin Peller”. 2010. 394. \r\nhttp://dolia.inrap.fr/flora/ark:/64298/0116011', '2022-03-17', 0),
(2629, '', '', 1999, 19036, '2 rue Nicolas Roland', 49.244, 4.036, 8, 2, '', '51454227', '3003', '200734001', '1999/97', 'Lola BONNABEL', 'Cécile PARESYS,Isabelle RICHARD', 'Maurice GRAND', 'BONNABEL L., PARESYS C., RICHARD I., ROMS C. - Reims (Marne), « 2 rue Nicolas Roland » :  Cimetière de création post-révolutionnaire (XVIIIe-XIXe siècles), cave et puits gallo-romains :  rapport de fouilles. Metz : Inrap GEN, 2011. 137. \r\nhttp://dolia.inrap.fr/flora/ark:/64298/0120079', '2022-03-17', 0),
(2630, '', '', 2001, 3580, 'les Gallérandes', 48.439, 4.521, 8, 2, '', '', '3449', '200746302', '2001/111', 'Muriel FRIBOULET', 'Lola BONNABEL,Cécile PARESYS', 'Maurice GRAND', 'FRIBOULET M., BONNABEL L. - Rosnay-l’Hôpital “les Gallérandes” (Aube) occupations funéraires du Néolithique ancien au Néolithique récent. Metz : Inrap GEN, 2016. 322. \r\nhttp://dolia.inrap.fr/flora/ark:/64298/0140073', '2022-03-17', 0),
(2631, '', '', 2002, 19934, 'la Tuilerie', 48.625, 4.962, 8, 2, '', '52448047', '3668', '200769401', '2001/330', 'Marie-Cécile TRUC', 'Cécile PARESYS', 'Philippe CHARLIER', 'TRUC M.-C. - Saint-Dizier “la Tuilerie”, RN4, aire de service (Haute-Marne); sépultures aristocratiques et habitat du haut Moyen Âge (4 vol.). Metz : Inrap GEN, 2009. 204; 147; 199; 276. \r\nhttp://dolia.inrap.fr/flora/ark:/64298/0111083', '2022-03-17', 0),
(2632, '', '', 2005, 3562, 'la Croix Jean Colas, les Bas Riceys', 48.288, 3.975, 1, 2, '', '', '5116', 'BBOT013901', '2005/070', 'Pieter LALOO', 'Cécile PARESYS', 'Yves DARTON', 'LALOO P., PARESYS C. - Torvilliers “la Croix Jean Colas” “les Bas Riceys”; bâtiments, greniers et silos protohistoriques. Metz : Inrap GEN, 2017. 432. \r\nhttp://dolia.inrap.fr/flora/ark:/64298/0146163', '2022-03-17', 0),
(2633, '', '', 1995, 3597, 'Porte Chaillouet', 48.303, 4.081, 8, 2, '', '10387021', '', '', '', 'Gilles DEBORDE', 'Cécile PARESYS', 'Pascal MURAIL', 'DEBORDE G. - Troyes, Porte Chaillouet (2 vol. texte, inventaires). Châlons-en-Champagne : AFAN, 1995. 124; 91. \r\nhttp://dolia.inrap.fr/flora/ark:/64298/0152416', '2022-03-17', 0),
(2634, '', '', 2005, 3597, '9-11 rue de la Paix', 48.299, 4.07, 1, 2, '', '', '5169', '', '2005/184', 'Gilles DEBORDE', 'Cécile PARESYS', 'Yves DARTON', 'DEBORDE G., DEBORDE J., PARESYS C., AHÜ-DELOR A. - Troyes (Aube) 9 et 11 rue de la Paix : rapport de fouilles (4 vol.). Metz : Inrap GEN, 2009. 83; 69; 160; 124. \r\nhttp://dolia.inrap.fr/flora/ark:/64298/0111432', '2022-03-17', 0),
(2635, '', '', 2014, 3597, '36-44 rue Voltaire', 48.295, 4.062, 1, -1, '', '', '7158', 'F035333', '2013/062', 'Cédric ROMS', 'Cécile PARESYS', '', 'ROMS C. - Grand Est, Aube, Troyes « 36-44 rue Voltaire »; Extraction, nécropole et faux-fossés : aux marges de la ville antique et médiévale de Troyes (2 vol.). Metz : Inrap GEN, 2018. 174; 348. \r\nhttp://dolia.inrap.fr/flora/ark:/64298/0148660', '2022-03-17', 0),
(2636, '', '', 2004, 3597, 'Place de la Libération', 48.297, 4.074, 1, -1, '', '', '4615', 'BB07009200', '2003/497', 'Philippe KUCHLER, Cédric ROMS', 'Cécile PARESYS,Isabelle RICHARD', 'Philippe CHARLIER', 'ROMS C., KUCHLER P. - Troyes, Aube, Place de la Libération : Formation et développement d’un espace urbain de l’Antiquité à nos jours rapport de fouilles (5 vol.). Metz : Inrap GEN, 2011. 382; 372; 230; 426; 254; 224. \r\nhttp://dolia.inrap.fr/flora/ark:/64298/0160262', '2022-03-17', 0),
(2637, '', '', 2002, 19066, 'Moncheux', 49.147, 4.206, 1, 2, '', '51571054', '3726', '', '2002/048', 'Lola BONNABEL', 'Lola BONNABEL,Stéphanie DEGOBERTIERE', 'Maurice GRAND,Gérard MARTIN', 'BONNABEL L., CULOT S., VAUQUELIN E. - Val-de-Vesle [Marne] (51) « Moncheux » :  TGV Est Européen - Lot 23a (2 volumes). Metz : Inrap GEN, 2010. 437. \r\nhttp://dolia.inrap.fr/flora/ark:/64298/0111576', '2022-03-17', 0),
(2638, '', '', 2001, 19229, 'Mont Lardon (site 18)', 48.782, 4.239, 8, 2, '', '51099032', '', '200761301', '2001/197', 'Vincent RIQUIER', 'Lola BONNABEL,Cécile PARESYS', '', 'RIQUIER V. - Bussy-Lettrée (51) [Marne] « ZAC 2 Europort Vatry » :  Sites 3, 7, 9, 11, 16, 17, 18, 22, 23 :  rapport de fouilles (2 volumes). Metz : Inrap GEN, 2010. 435; 340.\r\nhttp://dolia.inrap.fr/flora/ark:/64298/0118249', '2022-03-17', 0),
(2639, '', '', 2006, 3632, 'A4 contournement sud de Reims', 49.246, 3.96, 1, 1, '', '', '5844', 'BA07101201', '2006/425', 'Yoann RABASTE', 'Isabelle LE GOFF,Stéphanie DEGOBERTIERE', '', 'RABASTÉ Y. - Autoroute A4, contournement sud de Reims « Bezannes, Champfleury », zone B (2 vol.). Metz : Inrap GEN, 2008. 49 ; 114. \r\nhttp://dolia.inrap.fr/flora/ark:/64298/015070', '2022-03-17', 0),
(2640, '', '', 2012, 19186, 'Derrière les Grands Clos', 48.974, 4.295, 1, 2, '', '', '6982', 'BB07033701', '2012/231', 'Fabien LANGRY-FRANCOIS', 'Isabelle RICHARD', 'Yves DARTON', 'LANGRY-FRANÇOIS F. - Saint-Gibrien, Marne “Derrière les Grands Clos” (2 vol : texte, études spécialisées et inventaires techniques). Metz : Inrap GEN, 2014. 328; 160. \r\nhttp://dolia.inrap.fr/flora/ark:/64298/0134277', '2022-03-17', 0),
(2641, '', '', 2014, 18993, 'Les Prés', 49.363, 4.162, 1, 2, '', '', '7349', 'F035385', '2013/521', 'Stéphanie DESBROSSE-DEGOBERTIERE', 'Stéphanie DESBROSSE-DEGOBERTIERE,Isabelle RICHARD', 'Yves DARTON', 'DESBROSSE-DEGOBERTIÈRE S. - Bazancourt “les Prés” : bâtiments, nécropole antique et cimetière mérovingien à Bazancourt “les Prés” (3 vol : texte, catalogue des tombes 1 et 2). Metz : Inrap GEN, 2016. 464; 502; 396. \r\nhttp://dolia.inrap.fr/flora/ark:/64298/0141741', '2022-03-17', 0),
(2642, '', '', 2003, 19656, 'Place de Verdun', 47.953, 5.747, 1, 1, '', '', '', 'B307000501', '2004/002', 'Stéphane SINDONINO', 'Stéphanie DEGOBERTIERE', '', 'SINDONINO S., DEGOBERTIÈRE S., PARESYS C. - Bourbonne-les-Bains (Haute-Marne), Place de Verdun. , 2004. 206. \r\nhttp://dolia.inrap.fr/flora/ark:/64298/01875', '2022-03-17', 0),
(2643, '', '', 2000, 19131, 'rue Thibault des Murs, rue Alfred Neymarck', 48.96, 4.368, 8, 2, '', '51108088', '', '', '2000/153', 'Lola BONNABEL', 'Lola BONNABEL,Cécile PARESYS,Isabelle RICHARD', '', 'BONNABEL L. - La nécropole antique de Châlons-en-Champagne, à l’angle de la rue Thibault des murs et de la rue Alfred Neymarck (2 volumes). , 2001. 40. \r\nhttp://dolia.inrap.fr/flora/ark:/64298/01548', '2022-03-17', 0),
(2644, '', '', 2003, 19163, 'A mi Champ', 49.202, 4.009, 1, 2, '', '', '4210', '', '2003/109', 'Lola BONNABEL', 'Lola BONNABEL', '', 'BONNABEL L., VAUQUELIN E. - Champfleury, Villers aux Nœuds (Marne) “déviation RN51” : un ensemble funéraire de La Tène ancienne (2 vol : texte, catalogue des sépultures). Metz : Inrap GEN, 2011. 134; 66. \r\nhttp://dolia.inrap.fr/flora/ark:/64298/0121285', '2022-03-17', 0),
(2645, '', '', 2005, 19163, 'RN51, La Pointe', 49.203, 4.012, -1, 2, '', '', '5146', 'BB07013801', '2005/158', 'Sylvie CULOT', 'Lola BONNABEL,Stéphanie DESBROSSE-DEGOBERTIERE', '', 'http://dolia.inrap.fr/flora/ark:/64298/0124603', '2022-03-17', 0),
(2646, '', '', 2004, 3534, 'le Prieuré', 48.533, 4.151, 1, 2, '', '', '4561', 'BB07008801', '2003/454', 'Raphaël GESTREAU', 'Nathalie POUGET', '', 'GESTREAU R., JEMIN R. - Arcis sur Aube, “le Prieuré” (2 vol.). , 2010. 237; 195.\r\nhttp://dolia.inrap.fr/flora/ark:/64298/0112958', '2022-03-17', 0),
(2647, '', '', 2011, 3583, 'les Tomelles', 48.274, 3.871, 1, 2, '', '', '6364', 'BB07027401', '2010/101', 'Vincent MARCHAISSEAU', 'Sandrine THIOL', 'Gérard MARTIN', 'MARCHAISSEAU V. - Fontvannes, Aube “les Tomelles” : des occupations funéraires et domestiques depuis le Néolithique ancien jusqu’à la fin du haut Moyen Âge aux sources de la Vanne (2 vol : texte, inventaires techniques). Metz : Inrap GEN, 2012. \r\nhttp://dolia.inrap.fr/flora/ark:/64298/0126633', '2022-03-17', 0),
(2648, '', '', 2015, 3283, 'rue Jules Ferry, rue Lakanal', 48.328, 4.044, 1, 2, '', '', '7381', 'F035406', '2014/114', 'Arnaud REMY', 'Sandrine THIOL', 'Gérard MARTIN', 'RÉMY A. - La Chapelle-Saint-Luc, Aube, « Rue Jules Ferry », « Rue Lakanal ». Installations mésolithiques, protohistoriques, gallo-romaines, alto-médiévales et modernes à La Chapelle-Saint-Luc (10), rue Jules Ferry et rue Lakanal (3 vol.). Metz : INRAP GE, 2021. 820; 522; 448. \r\nhttp://dolia.inrap.fr/flora/ark:/64298/0161962', '2022-03-17', 0),
(2649, '', '', 2010, 3380, 'rue Fernand Jaffiol', 48.314, 4.104, 1, 2, '', '', '6099', 'BB07026701', '2009/431', 'Emilie MILLET', 'Sandrine THIOL', '', 'MILLET E., THIOL S., BANDELLI A., TOULEMONDE F., VAN DEN BOSSCHE B. - Pont-Sainte-Marie, Aube, rue Fernand Jaffiol : Un site protohistorique à Pont-Sainte-Marie : Langgraben, inhumations en silos et occupation domestique des âges du Bronze et du Fer. Metz : Inrap GEN, 2011. 220. \r\nhttp://dolia.inrap.fr/flora/ark:/64298/0120276', '2022-03-17', 0),
(2650, '', '', 2012, 3539, 'Cour Première', 48.517, 4.303, 1, 2, '', '', '6752', 'BB07032001', '2011/295', 'Sandrine THIOL', 'Isabelle RICHARD', 'Yves DARTON', 'THIOL S. - Ramerupt (Aube) “Cour Première” occupations néolithiques, enclos funéraires protohistoriques et nécropole tardo-antique. Metz : Inrap GEN, 2015. 438. \r\nhttp://dolia.inrap.fr/flora/ark:/64298/0135804', '2022-03-17', 0),
(2651, '', '', 2006, 19442, 'La Trussonnerie', 48.947, 4.383, 1, 2, '', '', '4,383', 'BB07014801', '2005/253', 'Nathalie POUGET', 'Nathalie POUGET', '', 'POUGET N., AUXIETTE G., CABART H., DAMOUR V. - Une nécropole du Haut-Empire. Saint-Memmie, avenue du Maréchal Juin, rue des Pâtures « la Trussonnerie » (3 vol.). Metz : Inrap GEN, 2010. 162; 270; 304. \r\nhttp://dolia.inrap.fr/flora/ark:/64298/0119740', '2022-03-17', 0),
(2652, '', '', 1997, 19328, 'la Comelle', 49.301, 4.134, 8, 2, '', '', '', '', '', 'Bruno ROBERT', 'Lola BONNABEL', 'Gérard MARTIN', 'BONNABEL L., DESENNE S., ROBERT B., AUXIETTE G., BRETON C., RAPIN A. - Witry-lès-Reims (Marne) « La Comelle »,  Caurel « Le Puisard » :  Les nécropoles gauloises :  Barreau est de Reims, Contournement de Witry-les-Reims, itinéraire de substitution (3 volumes). Metz : Inrap GEN, 2004. 218. \r\nhttp://dolia.inrap.fr/flora/ark:/64298/01638', '2022-03-17', 0),
(2653, '', '', 2007, 19036, 'Parvis de la cathédrale', 49.253, 4.032, 1, 2, '', '', '5610', 'BB07018001', '2005/362', 'Stéphane SINDONINO', 'Aminte Thomann', 'Gérard MARTIN', 'SINDONINO S. - Reims (Marne), Parvis de la Cathédrale, place du cardinal Luçon, rue Rockefeller et rue des Fuseliers : un cimetière de l’an 1000 sous le parvis de la cathédrale de Reims (3 vol : texte et annexes, étude anthropo, inventaires techniques). Metz : Inrap GEN, 2011. 279; 542; 248. \r\nhttp://dolia.inrap.fr/flora/ark:/64298/0122330', '2022-03-17', 0),
(2654, '', '', 2014, 3357, 'Culoison', 48.333, 4.078, 1, 2, '', '', '7545', 'F035470', '2014/386', 'Sébastien CHAUVIN', 'Stéphanie DESBROSSE-DEGOBERTIERE,Isabelle RICHARD', 'Yves DARTON', 'CHAUVIN S. - Sainte-Maure, « Culoison ». Espaces structurés au Bronze final/Hallstatt D1 et au haut Moyen Âge (2 vol.). Metz : Inrap GEN, 2017. 352; 500. \r\nhttp://dolia.inrap.fr/flora/ark:/64298/0146748', '2022-03-17', 0),
(2657, '', '', 2013, 3289, 'Parc du Grand Troyes, phase 5', 48.29, 4.012, 1, 2, '', '', '6719', 'BB07031801', '2012/231', 'Carole DAROQUE', 'Sandrine THIOL', '', 'DAROQUE C. - Sainte-Savine (Aube), Parc du Grand Troyes 5 : une petite batterie de silos de la Tène moyenne. Metz : Inrap GEN, 2015. 166. \r\nhttp://dolia.inrap.fr/flora/ark:/64298/0137440', '2022-03-23', 0),
(2658, '', '', 2013, 19221, 'la Bassière', 49.347, 4.215, 1, 2, '', '', '6823', 'F035253', '2011/445', 'Vincent MARCHAISSEAU', 'Sandrine THIOL', '', 'MARCHAISSEAU V., PERTUISOT G. - Warmeriville « La Bassière ». Des exploitations agricoles depuis l’Antiquité jusqu’à la fin du haut Moyen Âge sur la rive gauche de la Suippe (3 vol.). Metz : Inrap GEN, 2016. 412; 470; 518.', '2022-03-23', 0),
(2659, '', '', 2014, 3378, 'La Garenne, le creux de la Sauce (Gazoduc)', 48.576, 3.547, 1, 2, '', '', '', 'F035399', '2014/021', 'Luc SANSON', 'Jérémy MAESTRACCI', '', 'SANSON L., MAESTRACCI J. - Grand Est, Aube, Villenauxe-la-Grande, La Garenne, le Creux de la sauce Le passage de la canalisation de gaz à travers une nécropole de l’Antiquité tardive et du haut Moyen Âge. Metz : Inrap GEN, 2017. 614.', '2022-03-23', 0),
(2660, '', '', 2007, 3367, 'La Gravière (site 6)', 48.51, 3.582, 1, 2, '', '', '5740', 'BB07020406', '2006/446', 'Vincent MARCHAISSEAU', 'Stéphanie DESBROSSE-DEGOBERTIERE,Isabelle RICHARD', '', 'MARCHAISSEAU V. - Marnay/Pont-sur-Seine (Aube) “la Gravière”, un habitat à vocation agricole de la fin du haut Moyen Âge (3 vol.). Metz : Inrap GEN, 2010. 456; 472; 68.', '2022-03-23', 0),
(2661, '', '', 2007, 3367, 'La Gravière (site 1)', 48.51, 3.582, 1, 2, '', '', '5670', 'BB07020405', '2006/446', 'Marie-Cécile TRUC', 'Stéphanie DESBROSSE-DEGOBERTIERE,Isabelle RICHARD', 'Yves DARTON', 'TRUC M.-C. - Pont-sur-Seine (Aube), la Gravière, site 1. De la nécropole mérovingienne au cimetière médiéval (7 vol : texte, études spécialisées, catalogue des tombes, catalogue illustré des tombes et mobilier (2 vol.). Metz : Inrap GEN, 2015. 490; 296; 534; 400; 218; 508; 1728; 1576.', '2022-03-23', 0),
(2662, '', '', 2005, 3367, 'Ferme de l\'Ile', 48.529, 3.609, 1, 2, '', '', '4866', 'F035670', '2004/174', 'Fredéric DUGOIS/Simon LOISEAU', 'Elisabeth VAUQUELIN,Isabelle RICHARD', 'Yves DARTON', 'DUGOIS F., LOISEAU S. - Pont-sur-Seine, Aube, « Ferme de l’Ile ». Exploitation d’un territoire en bord de Seine : de l’enceinte monumentale du Néolithique moyen II à la ferme fossoyée médiévale (9 vol). Metz : Inrap GE, 2019. 420; 570; 646; 204; 393; 308; 568; 290; 817.', '2022-03-23', 0),
(2663, '', '', 2001, 19036, 'la Neuvillette', 49.292, 4.018, 1, 2, '', '', '', '200752202', '2001/61', 'Lola BONNABEL', 'Lola BONNABEL,Isabelle RICHARD', 'Yves DARTON', 'BONNABEL L., DESENNE S., AUXIETTE G., CULOT S., MILLET E. - Reims (Marne), ZAC « La Neuvillette » : Nécropole de La Tène ancienne (Aisne-Marne II à III-IV) (2 volumes). Metz : Inrap GEN, 2012. 312.', '2022-03-23', 0),
(2664, '', '', 2003, 19155, 'les Auges', 48.922, 4.402, 1, 2, '', '', '4142', '2107003902', '2002/566', 'Lola BONNABEL', 'Lola BONNABEL,Stéphanie DESBROSSE-DEGOBERTIERE', '', 'BONNABEL L., AUXIETTE G., DESBROSSE-DEGOBERTIÈRE S., MOREAU C. - Sarry (Marne), « Les Auges » :  Nécropole de La Tène ancienne (Aisne-Marne) et inhumations en structure de stockage réutilisée :  rapport de fouilles (2 volumes). Metz : Inrap GEN, 2012. 226.', '2022-03-23', 0),
(2665, '', '', 1992, 19226, 'Pont Mousset', 49.354, 4.205, 8, 2, '', '51299001', '', '', '', 'Fredéric DUGOIS', 'Lola BONNABEL,Christel CASSIN', '', 'DUGOIS F., BONNABEL L., Isles sur Suippe “le Pont Mousset” occupations protohistoriques, gallo-romaines et médiévales, “les Fontaines” habitat du 1er âge du Fer, Rapport Final d’Opération et rapport anthropologique, Châlons-en-Champagne, 1995, 189.', '2022-03-23', 0),
(2666, '', '', 2019, 3443, 'les Navettes', 48.232, 4.109, 1, 2, '', '', '07-7468', 'F114706', '2018/C218', 'François COUPARD', 'Cécile PARESYS', 'Yves DARTON', 'COUPARD F., Buchères, Aube, « Les Navettes » « Lotissement du Parc ». Batterie de silos et monument funéraire à l’âge du Fer, Metz : INRAP GE, 2021, 465.', '2022-03-23', 0),
(2667, '', '', 2018, 3466, 'la Bouverie', 48.264, 4.066, 1, 2, '', '', '07-7707', 'F035760', '2018/C483', 'Arthur GUIBLAIS-STARCK', 'Cécile PARESYS', 'Yves DARTON', 'GUIBLAIS-STARCK A., Grand Est, Aube, Rosières-près-Troyes, \" la Bouverie \", Rapport Final d’Opération, Metz : INRAP GE, 2021, 502.', '2022-03-23', 0),
(2668, '', '', 2021, 3396, 'église Saint-Alban', 48.399, 4.186, 1, 1, '', '', '8792', 'D131315', '2019/C488', 'Vincent MARCHAISSEAU', 'Isabelle RICHARD', '', 'MARCHAISSEAU V., Grand Est, Aube, Charmont-sous-Barbuise, église Saint-Aban. Nouvelles données pluridisciplinaires sur l’ancienne chapelle Saint-Alban de Fontaine-Luyères, Rapport de Diagnostic, Metz : Inrap GE, 2021, 142.', '2022-03-23', 0),
(2669, '', '', 2013, 19568, 'la Maladrerie', 49.27, 4.143, 1, 2, '', '', '7193', 'BB07037101', '2013/143', 'Florie SPIES', 'Sandrine THIOL', '', 'SPIES F., Berru (Marne), “la Maladrerie” : indices de fréquentation au Néolithique ancien et occupations du Bronze final au second âge du Fer, au pied du Mont de Berru, Rapport Final d’Opération, Metz : Inrap GEN, 2014, 246.', '2022-03-23', 0),
(2670, '', '', 1992, 3646, 'Les Petites Corvées', 48.33, 4.094, 8, 2, '', '10191003', '', '', '', 'Dominiek DUTOO', 'Cécile PARESYS', '', 'DUTOO D., CABART H., CHOSSENOT M., PARESYS C. - Étude de la nécropole gallo-romaine de Lavau (Aube), lieu-dit “les Petites Corvées”, zone funéraire de la transition âge du Bronze-âge du Fer jusqu’au IVe s. de notre ère, s.l. : s.n., coll. « Bulletin de la Société archéologique champenoise », 101–4, 2009, 99 p.', '2022-03-23', 0),
(2671, '', '', 2014, 3534, 'Le Chalet', 48.53, 4.141, 16, 2, '', '', '7241', '', '2013/253', 'Alan PEZENNEC', 'Jean-Baptiste SINQUIN', '', 'PEZENNEC A., SINQUIN J.-B. - Arcis-sur-Aube (10), le Chalet, Rapport Final d’Opération, Limoges : Eveha, 2016, 594 p.', '2022-03-23', 0),
(2672, '', '', 2008, 19036, '43 rue de Sébastopol', 49.26, 4.047, 13, -1, '', '', '5829', '', '2007/389', 'Aminte THOMANN', 'Elise HENRION', 'Gérard MARTIN', 'THOMANN A. - Reims “43 rue de Sébastopol”, Rapport Final d’Opération, Bordeaux : Archéosphère, 2013, 754 p.', '2022-03-23', 0),
(2673, '', '', 2010, 19155, 'le Pont Pillard', 48.91, 4.414, 13, 2, '', '', '6353', '', '2010/034', 'Mary MAURY', 'Mélody FÉLIX-SANCHEZ', '', 'MAURY M. - Sarry “le Pont Pillard” (51), Rapport Final d’Opération, Bordeaux : Archéosphère, 2011, 364 p.', '2022-03-23', 0),
(2674, '', '', 2009, 3291, 'le Chemin de l\'Huître', 48.55, 4.183, 13, 2, '', '', '5835', '', '2008/064', 'Guillaume SEGUIN', 'Guillaume SEGUIN', '', 'SEGUIN G., KAURIN J., Le Chêne “le Chemin de l’Huître” (10), Rapport Final d’Opération, s.l. : Archéosphère, 2010, 232 p.', '2022-03-23', 0),
(2675, '', '', 2009, 3443, 'Le Clos', 48.23, 4.104, 13, 2, '', '', '5467', '', '2006/251', 'Guillaume SEGUIN', 'Mélody FÉLIX-SANCHEZ', '', 'SEGUIN G., Buchères “le Clos II” (10) (2 vol. texte, catalogue des sépultures et annexes), Rapport Final d’Opération, s.l. : Archéosphère, 2011, 204 et 362 p.', '2022-03-23', 0),
(2676, '', '', 2010, 3425, 'ZAC d\'Echenilly', 48.27, 4.037, 13, 2, '', '', '6386', '', '2008/342', 'Mélody FELIX-SANCHEZ', 'Mélody FÉLIX-SANCHEZ,Natacha CREPEAU', '', 'FÉLIX-SANCHEZ M., ALONSO L., BRUNET M., CRÉPEAU N. - Saint-André-les-Vergers (Aube) « ZAC d’Echenilly »: rapport de fouilles. Bordeaux : Archéosphère, 2011. 394 p.', '2022-03-23', 0)
ON DUPLICATE KEY UPDATE id=id;

-- --------------------------------------------------------

--
-- Dumping data for table `organisme`
--

INSERT INTO `organisme` (`id`, `nom`) VALUES
(1, 'Inrap'),
(2, 'CNRS'),
(3, 'Université'),
(4, 'Culture'),
(5, 'Service départemental'),
(6, 'Groupement de collectivités territoriales'),
(7, 'Service municipal'),
(8, 'Afan'),
(9, 'ACTER'),
(10, 'ANTEA'),
(11, 'Archeodunum'),
(12, 'Archéopole'),
(13, 'Archéosphère'),
(14, 'ArkéMine'),
(15, 'Atemporelle'),
(16, 'Eveha'),
(17, 'Hadès'),
(18, 'Iker Archéologie'),
(19, 'Paléotime'),
(20, 'LANNION'),
(-1, 'Indéterminé'),
(24, 'Bureau de l\'Archéologie '),
(26, 'Département de Seine-Saint-Denis')
ON DUPLICATE KEY UPDATE id=id;

-- --------------------------------------------------------

--
-- Dumping data for table `pathologie`
--

INSERT INTO `pathologie` (`id`, `nom`) VALUES
(1, 'Lèpre'),
(2, 'Syphilis'),
(3, 'Variole'),
(4, 'Tuberculose'),
(5, 'Peste'),
(2147483647, 'Autre pathologie infectieuse')
ON DUPLICATE KEY UPDATE id=id;

-- --------------------------------------------------------

--
-- Dumping data for table `personne`
--

INSERT INTO `personne` (`id`, `prenom`, `nom`) VALUES
(1, 'Raphaëlle', 'LEFEBRE'),
(2, 'Aminte', 'THOMMAN'),
(3, 'Cécile', 'BUQUET-MARCON'),
(4, 'Cyrille', 'LE FORESTIER'),
(5, 'Sabrina', 'PAROT'),
(6, 'Anaïs', 'LEBRUN'),
(7, 'Véronique', 'GALLIEN'),
(8, 'Frédéric', 'BLAIZOT'),
(9, 'Hervé', 'GUY'),
(10, 'Aurélie', 'MAYER'),
(11, 'Cécile', 'PARESYS'),
(12, 'Stéphanie', 'DESBROSSE-DEGOBERTIERE'),
(13, 'Lola', 'BONNABEL'),
(17, 'Alex', 'BAIET'),
(30, 'Claude', 'DENT')
ON DUPLICATE KEY UPDATE id=id;

-- --------------------------------------------------------

--
-- Dumping data for table `sujet_handicape`
--

INSERT INTO `sujet_handicape` (`id`, `id_sujet_handicape`, `age_min`, `age_max`, `age_methode`, `sexe`, `sexe_methode`, `dating_min`, `dating_max`, `milieu_vie`, `contexte`, `contexte_normatif`, `comment_contexte`, `comment_diagnostic`, `description_mobilier`, `id_type_depot`, `id_sepulture`, `id_depot`, `id_groupe_sujets`, `date_ajout`, `complet`, `donnees_genetiques`) VALUES
(65134, 'SP 742', 20, 80, '', 'Homme', '', 300, 430, NULL, 'Funeraire', 'Standard', 'nécropole antiquité tardive', '', '', 1, 1, 598, 2982, NULL, 0, NULL),
(65135, 'SP 740', 20, 80, '', 'Homme', '', 440, 700, NULL, 'Funeraire', 'Standard', 'nécropole mérovingienne', '', '', 1, 1, 532, 3349, NULL, 0, NULL),
(65136, 'SP 712 A', 20, 80, '', 'Homme', '', 440, 700, NULL, 'Funeraire', 'Standard', 'nécropole mérovingienne', '', '', 1, 2, 599, 3350, NULL, 0, NULL),
(65137, 'SP 670', 20, 80, '', 'Homme', '', 410, 440, NULL, 'Funeraire', 'Standard', 'nécropole antiquité tardive', '', '', 1, 1, 534, 3351, NULL, 0, NULL),
(65138, 'SP 667', 20, 80, '', 'Homme', '', 400, 430, NULL, 'Funeraire', 'Standard', 'nécropole antiquité tardive', '', '', 1, 1, 600, 3352, NULL, 0, NULL),
(65139, 'SP 656', 20, 80, '', 'Homme', '', 400, 430, NULL, 'Funeraire', 'Standard', 'nécropole antiquité tardive', '', '', 1, 1, 536, 3353, NULL, 0, NULL),
(65140, 'SP 649', 20, 80, '', 'Homme', '', 300, 430, NULL, 'Funeraire', 'Standard', 'nécropole antiquité tardive', '', '', 1, 1, 601, 3354, NULL, 0, NULL),
(65141, 'SP 647', 20, 80, '', 'Indéterminé', '', 300, 700, NULL, 'Funeraire', 'Standard', 'nécropole antiquité tardive et mérovingienne', '', '', 1, 1, 538, 3355, NULL, 0, NULL),
(65142, 'SP 638', 40, 80, '', 'Femme', '', 300, 700, NULL, 'Funeraire', 'Standard', 'nécropole antiquité tardive et mérovingienne', '', '', 1, 1, 539, 3356, NULL, 0, NULL),
(65143, 'SP 628', 20, 80, '', 'Homme', '', 300, 430, NULL, 'Funeraire', 'Standard', 'nécropole antiquité tardive', '', '', 1, 1, 540, 3357, NULL, 0, NULL),
(65144, 'SP 601', 20, 80, '', 'Homme', '', 380, 420, NULL, 'Funeraire', 'Standard', 'nécropole antiquité tardive', '', '', 1, 1, 541, 3358, NULL, 0, NULL),
(65145, 'SP 592', 20, 80, '', 'Homme', '', 300, 700, NULL, 'Funeraire', 'Standard', 'nécropole antiquité tardive et mérovingienne', '', '', 1, 1, 542, 3359, NULL, 0, NULL),
(65146, 'SP 541', 3, 5, '', 'Indéterminé', '', 300, 700, NULL, 'Funeraire', 'Standard', 'nécropole antiquité tardive et mérovingienne', '', '', 1, 1, 602, 3360, NULL, 0, NULL),
(65147, 'SP 501', 20, 80, '', 'Homme', '', 300, 700, NULL, 'Funeraire', 'Standard', 'nécropole antiquité tardive et mérovingienne', '', '', 1, 1, 544, 3361, NULL, 0, NULL),
(65148, 'SP 464', 20, 80, '', 'Homme', '', 300, 700, NULL, 'Funeraire', 'Standard', 'nécropole antiquité tardive et mérovingienne', '', '', 1, 1, 545, 3362, NULL, 0, NULL),
(65149, 'SP 462', 20, 80, '', 'Femme', '', 300, 700, NULL, 'Funeraire', 'Standard', 'nécropole antiquité tardive et mérovingienne', '', '', 1, 1, 546, 3363, NULL, 0, NULL),
(65150, 'SP 456', 20, 24, '', 'Femme', '', 600, 675, NULL, 'Funeraire', 'Standard', 'nécropole mérovingienne', '', '', 1, 1, 603, 2985, NULL, 0, NULL),
(65151, 'SP 447', 20, 80, '', 'Homme', '', 300, 700, NULL, 'Funeraire', 'Standard', 'nécropole antiquité tardive et mérovingienne', '', '', 1, 1, 604, 3364, NULL, 0, NULL),
(65152, 'SP 444', 20, 80, '', 'Homme', '', 300, 700, NULL, 'Funeraire', 'Standard', 'nécropole antiquité tardive et mérovingienne', '', '', 1, 1, 549, 3365, NULL, 0, NULL),
(65153, 'SP 427', 20, 80, '', 'Homme', '', 300, 700, NULL, 'Funeraire', 'Standard', 'nécropole antiquité tardive et mérovingienne', '', '', 1, 1, 550, 3366, NULL, 0, NULL),
(65154, 'SP 426', 20, 80, '', 'Indéterminé', '', 370, 420, NULL, 'Funeraire', 'Standard', 'nécropole antiquité tardive', '', '', 1, 1, 551, 3367, NULL, 0, NULL),
(65155, 'SP 420', 20, 80, '', 'Homme', '', 390, 420, NULL, 'Funeraire', 'Standard', 'nécropole antiquité tardive', '', '', 1, 1, 552, 3368, NULL, 0, NULL),
(65156, 'SP 400', 40, 80, '', 'Femme', '', 400, 430, NULL, 'Funeraire', 'Standard', 'nécropole antiquité tardive', '', '', 1, 1, 553, 3369, NULL, 0, NULL),
(65157, 'SP 381', 20, 49, '', 'Femme', '', 450, 520, NULL, 'Funeraire', 'Standard', 'nécropole mérovingienne', '', '', 1, 1, 554, 2987, NULL, 0, NULL),
(65158, 'SP 375', 20, 80, '', 'Homme', '', 300, 700, NULL, 'Funeraire', 'Standard', 'nécropole antiquité tardive et mérovingienne', '', '', 1, 1, 555, 3370, NULL, 0, NULL),
(65159, 'SP 363', 20, 80, '', 'Homme', '', 300, 700, NULL, 'Funeraire', 'Standard', 'nécropole antiquité tardive et mérovingienne', '', '', 2, 1, 556, 3371, NULL, 0, NULL),
(65160, 'SP 362', 20, 49, '', 'Femme', '', 400, 430, NULL, 'Funeraire', 'Standard', 'nécropole antiquité tardive', '', '', 1, 1, 557, 3372, NULL, 0, NULL),
(65161, 'SP 353', 20, 39, '', 'Femme', '', 370, 420, NULL, 'Funeraire', 'Standard', 'nécropole antiquité tardive', '', '', 1, 1, 558, 3373, NULL, 0, NULL),
(65162, 'SP 340', 40, 80, '', 'Femme', '', 300, 430, NULL, 'Funeraire', 'Standard', 'nécropole antiquité tardive', '', '', 1, 1, 559, 3374, NULL, 0, NULL),
(65163, 'SP 318', 20, 80, '', 'Homme', '', 440, 700, NULL, 'Funeraire', 'Standard', 'nécropole mérovingienne', '', '', 1, 1, 560, 2989, NULL, 0, NULL),
(65164, 'SP 300', 20, 80, '', 'Indéterminé', '', 300, 430, NULL, 'Funeraire', 'Standard', 'nécropole antiquité tardive', '', '', 1, 1, 561, 3375, NULL, 0, NULL),
(65165, 'SP 299', 0, 2, '', 'Indéterminé', '', 300, 700, NULL, 'Funeraire', 'Standard', 'nécropole antiquité tardive et mérovingienne', '', '', 1, 1, 562, 3376, NULL, 0, NULL),
(65166, 'SP 293', 20, 80, '', 'Homme', '', 300, 430, NULL, 'Funeraire', 'Standard', 'nécropole antiquité tardive', '', '', 1, 1, 605, 3377, NULL, 0, NULL),
(65167, 'SP 269', 20, 49, '', 'Femme', '', 370, 420, NULL, 'Funeraire', 'Standard', 'nécropole antiquité tardive', '', '', 1, 1, 564, 3378, NULL, 0, NULL),
(65168, 'SP 261', 30, 59, '', 'Femme', '', 300, 700, NULL, 'Funeraire', 'Standard', 'nécropole antiquité tardive et mérovingienne', '', '', 1, 1, 565, 3379, NULL, 0, NULL),
(65169, 'SP 258', 20, 80, '', 'Homme', '', 370, 410, NULL, 'Funeraire', 'Standard', 'nécropole antiquité tardive', '', '', 1, 1, 566, 3380, NULL, 0, NULL),
(65170, 'SP 257', 20, 80, '', 'Homme', '', 390, 420, NULL, 'Funeraire', 'Standard', 'nécropole antiquité tardive', '', '', 1, 1, 567, 3381, NULL, 0, NULL),
(65171, 'SP 253', 20, 80, '', 'Homme', '', 440, 700, NULL, 'Funeraire', 'Standard', 'nécropole mérovingienne', '', '', 1, 1, 568, 2991, NULL, 0, NULL),
(65172, 'SP 249', 20, 80, '', 'Homme', '', 300, 700, NULL, 'Funeraire', 'Standard', 'nécropole antiquité tardive et mérovingienne', '', '', 1, 1, 569, 3382, NULL, 0, NULL),
(65173, 'SP 246', 20, 80, '', 'Homme', '', 300, 700, NULL, 'Funeraire', 'Standard', 'nécropole antiquité tardive et mérovingienne', '', '', 1, 1, 570, 3383, NULL, 0, NULL),
(65174, 'SP 228', 20, 80, '', 'Homme', '', 300, 430, NULL, 'Funeraire', 'Standard', 'nécropole antiquité tardive', '', '', 1, 1, 571, 3384, NULL, 0, NULL),
(65175, 'SP 733', 30, 59, '', 'Homme', '', 243, 386, NULL, 'Funeraire', 'Atypique', 'Sépulture double isolée antique', '', '', 1, 2, 606, 2993, NULL, 0, NULL),
(65176, 'SP 597', 1, 3, '', 'Indéterminé', '', 1600, 1700, NULL, 'Funeraire', 'Standard', 'XVIIe siècle', '', '', 1, 1, 573, 3385, NULL, 0, NULL),
(65177, 'SP 596', 0, 1, '', 'Indéterminé', '', 1600, 1700, NULL, 'Funeraire', 'Standard', 'XVIIe siècle', '', '', 1, 1, 574, 3386, NULL, 0, NULL),
(65178, 'SP 594', 2, 4, '', 'Indéterminé', '', 1600, 1700, NULL, 'Funeraire', 'Standard', 'XVIIe siècle', '', '', 1, 1, 575, 3387, NULL, 0, NULL),
(65179, 'SP 593', 5, 8, '', 'Indéterminé', '', 1600, 1700, NULL, 'Funeraire', 'Standard', 'XVIIe siècle', '', '', 1, 1, 576, 3388, NULL, 0, NULL),
(65180, 'SP 592', 3, 5, '', 'Indéterminé', '', 1600, 1700, NULL, 'Funeraire', 'Standard', 'XVIIe siècle', '', '', 1, 1, 577, 3389, NULL, 0, NULL),
(65181, 'SP 591', 4, 8, '', 'Indéterminé', '', 1600, 1700, NULL, 'Funeraire', 'Standard', 'XVIIe siècle', '', '', 1, 1, 578, 3390, NULL, 0, NULL),
(65182, 'SP 590', 4, 6, '', 'Indéterminé', '', 1600, 1700, NULL, 'Funeraire', 'Standard', 'XVIIe siècle', '', '', 1, 1, 579, 3391, NULL, 0, NULL),
(65183, 'SP 589', 1, 2, '', 'Indéterminé', '', 1600, 1700, NULL, 'Funeraire', 'Standard', 'XVIIe siècle', '', '', 1, 1, 580, 3392, NULL, 0, NULL),
(65184, 'SP 587', 1, 3, '', 'Indéterminé', '', 1600, 1700, NULL, 'Funeraire', 'Standard', 'XVIIe siècle', '', '', 1, 1, 581, 3393, NULL, 0, NULL),
(65185, 'SP 586', 2, 3, '', 'Indéterminé', '', 1600, 1700, NULL, 'Funeraire', 'Standard', 'XVIIe siècle', '', '', 1, 1, 582, 3394, NULL, 0, NULL),
(65186, 'SP 584', 2, 3, '', 'Indéterminé', '', 1600, 1700, NULL, 'Funeraire', 'Standard', 'XVIIe siècle', '', '', 1, 1, 583, 3395, NULL, 0, NULL),
(65187, 'SP 581', 2, 5, '', 'Indéterminé', '', 1600, 1700, NULL, 'Funeraire', 'Standard', 'XVIIe siècle', '', '', 1, 1, 607, 3396, NULL, 0, NULL),
(65188, 'SP 579', 7, 13, '', 'Indéterminé', '', 1600, 1700, NULL, 'Funeraire', 'Standard', 'XVIIe siècle', '', '', 1, 1, 585, 3397, NULL, 0, NULL),
(65189, 'SP 578', 2, 3, '', 'Indéterminé', '', 1600, 1700, NULL, 'Funeraire', 'Standard', 'XVIIe siècle', '', '', 1, 1, 586, 3398, NULL, 0, NULL),
(65190, 'SP 576', 5, 7, '', 'Indéterminé', '', 1600, 1700, NULL, 'Funeraire', 'Standard', 'XVIIe siècle', '', '', 1, 1, 587, 3399, NULL, 0, NULL),
(65191, 'SP 575', 3, 5, '', 'Indéterminé', '', 1600, 1700, NULL, 'Funeraire', 'Standard', 'XVIIe siècle', '', '', 1, 1, 588, 3400, NULL, 0, NULL),
(65192, 'SP 574', 3, 5, '', 'Indéterminé', '', 1600, 1700, NULL, 'Funeraire', 'Standard', 'XVIIe siècle', '', '', 1, 1, 589, 3401, NULL, 0, NULL),
(65193, 'SP 573', 3, 5, '', 'Indéterminé', '', 1600, 1700, NULL, 'Funeraire', 'Standard', 'XVIIe siècle', '', '', 1, 1, 590, 3402, NULL, 0, NULL),
(65194, 'SP 572', 0, 2, '', 'Indéterminé', '', 1600, 1700, NULL, 'Funeraire', 'Standard', 'XVIIe siècle', '', '', 1, 1, 591, 3403, NULL, 0, NULL),
(65195, 'SP 570', 0, 1, '', 'Indéterminé', '', 1600, 1700, NULL, 'Funeraire', 'Standard', 'XVIIe siècle', '', '', 1, 1, 592, 3404, NULL, 0, NULL),
(65196, 'SP 568', 4, 6, '', 'Indéterminé', '', 1600, 1700, NULL, 'Funeraire', 'Standard', 'XVIIe siècle', '', '', 1, 1, 593, 3405, NULL, 0, NULL),
(65197, 'SP 567', 3, 4, '', 'Indéterminé', '', 1600, 1700, NULL, 'Funeraire', 'Standard', 'XVIIe siècle', '', '', 1, 1, 594, 3406, NULL, 0, NULL),
(65198, 'SP 566', 0, 1, '', 'Indéterminé', '', 1600, 1700, NULL, 'Funeraire', 'Standard', 'XVIIe siècle', '', '', 1, 1, 595, 3407, NULL, 0, NULL),
(65199, 'SP 564', 2, 4, '', 'Indéterminé', '', 1600, 1700, NULL, 'Funeraire', 'Standard', 'XVIIe siècle', '', '', 1, 1, 596, 3408, NULL, 0, NULL),
(65200, 'SP 563', 3, 5, '', 'Indéterminé', '', 1600, 1700, NULL, 'Funeraire', 'Standard', 'XVIIe siècle', '', '', 1, 1, 597, 3409, NULL, 0, NULL),
(65201, 'SP 560', 0, 2, '', 'Indéterminé', '', 1600, 1700, NULL, 'Funeraire', 'Standard', 'XVIIe siècle', '', '', 1, 1, 608, 3410, NULL, 0, NULL),
(65202, 'SP 558', 0, 1, '', 'Indéterminé', '', 1600, 1700, NULL, 'Funeraire', 'Standard', 'XVIIe siècle', '', '', 1, 1, 609, 3411, NULL, 0, NULL),
(65203, 'SP 557', 0, 1, '', 'Indéterminé', '', 1600, 1700, NULL, 'Funeraire', 'Standard', 'XVIIe siècle', '', '', 1, 1, 610, 3412, NULL, 0, NULL),
(65204, 'SP 554', 1, 3, '', 'Indéterminé', '', 1600, 1700, NULL, 'Funeraire', 'Standard', 'XVIIe siècle', '', '', 1, 1, 611, 3413, NULL, 0, NULL),
(65205, 'SP 553', 1, 3, '', 'Indéterminé', '', 1600, 1700, NULL, 'Funeraire', 'Standard', 'XVIIe siècle', '', '', 1, 1, 612, 3414, NULL, 0, NULL),
(65206, 'SP 552', 0, 2, '', 'Indéterminé', '', 1600, 1700, NULL, 'Funeraire', 'Standard', 'XVIIe siècle', '', '', 1, 1, 613, 3415, NULL, 0, NULL),
(65207, 'SP 550', 0, 2, '', 'Indéterminé', '', 1600, 1700, NULL, 'Funeraire', 'Standard', 'XVIIe siècle', '', '', 1, 1, 614, 3416, NULL, 0, NULL),
(65208, 'SP 549', 0, 2, '', 'Indéterminé', '', 1600, 1700, NULL, 'Funeraire', 'Standard', 'XVIIe siècle', '', '', 1, 1, 615, 3417, NULL, 0, NULL),
(65209, 'SP 548', 0, 2, '', 'Indéterminé', '', 1600, 1700, NULL, 'Funeraire', 'Standard', 'XVIIe siècle', '', '', 1, 1, 616, 3418, NULL, 0, NULL),
(65210, 'SP 547', 20, 25, '', 'Femme', '', 1600, 1700, NULL, 'Funeraire', 'Standard', 'XVIIe siècle', '', '', 1, 1, 617, 3419, NULL, 0, NULL),
(65211, 'SP 546', 3, 5, '', 'Indéterminé', '', 1600, 1700, NULL, 'Funeraire', 'Standard', 'XVIIe siècle', '', '', 1, 1, 618, 3420, NULL, 0, NULL),
(65212, 'SP 544', 7, 12, '', 'Indéterminé', '', 1600, 1700, NULL, 'Funeraire', 'Standard', 'XVIIe siècle', '', '', 1, 1, 619, 3421, NULL, 0, NULL),
(65213, 'SP 543', 6, 9, '', 'Indéterminé', '', 1600, 1700, NULL, 'Funeraire', 'Standard', 'XVIIe siècle', '', '', 1, 1, 620, 3422, NULL, 0, NULL),
(65214, 'SP 541', 7, 12, '', 'Indéterminé', '', 1600, 1700, NULL, 'Funeraire', 'Standard', 'XVIIe siècle', '', '', 1, 1, 621, 3423, NULL, 0, NULL),
(65215, 'SP 540', 12, 15, '', 'Indéterminé', '', 1600, 1700, NULL, 'Funeraire', 'Standard', 'XVIIe siècle', '', '', 1, 1, 622, 3424, NULL, 0, NULL),
(65216, 'SP 538', 3, 5, '', 'Indéterminé', '', 1600, 1700, NULL, 'Funeraire', 'Standard', 'XVIIe siècle', '', '', 1, 1, 623, 3425, NULL, 0, NULL),
(65217, 'SP 536', 3, 5, '', 'Indéterminé', '', 1600, 1700, NULL, 'Funeraire', 'Standard', 'XVIIe siècle', '', '', 1, 1, 624, 3426, NULL, 0, NULL),
(65218, 'SP 531', 2, 4, '', 'Indéterminé', '', 1600, 1700, NULL, 'Funeraire', 'Standard', 'XVIIe siècle', '', '', 1, 1, 625, 3427, NULL, 0, NULL),
(65219, 'SP 530', 2, 4, '', 'Indéterminé', '', 1600, 1700, NULL, 'Funeraire', 'Standard', 'XVIIe siècle', '', '', 1, 1, 626, 3428, NULL, 0, NULL),
(65220, 'SP 529', 1, 2, '', 'Indéterminé', '', 1600, 1700, NULL, 'Funeraire', 'Standard', 'XVIIe siècle', '', '', 1, 1, 627, 3429, NULL, 0, NULL),
(65221, 'SP 528', 0, 2, '', 'Indéterminé', '', 1600, 1700, NULL, 'Funeraire', 'Standard', 'XVIIe siècle', '', '', 1, 1, 628, 3430, NULL, 0, NULL),
(65222, 'SP 527', 2, 3, '', 'Indéterminé', '', 1600, 1700, NULL, 'Funeraire', 'Standard', 'XVIIe siècle', '', '', 1, 1, 629, 3431, NULL, 0, NULL),
(65223, 'SP 526', 9, 12, '', 'Indéterminé', '', 1600, 1700, NULL, 'Funeraire', 'Standard', 'XVIIe siècle', '', '', 1, 1, 630, 3432, NULL, 0, NULL),
(65224, 'SP 509', 0, 1, '', 'Indéterminé', '', 1600, 1700, NULL, 'Funeraire', 'Standard', 'XVIIe siècle', '', '', 1, 1, 631, 3433, NULL, 0, NULL),
(65225, 'SP 508', 1, 3, '', 'Indéterminé', '', 1600, 1700, NULL, 'Funeraire', 'Standard', 'XVIIe siècle', '', '', 1, 1, 632, 3434, NULL, 0, NULL),
(65226, 'SP 507', 6, 8, '', 'Indéterminé', '', 1600, 1700, NULL, 'Funeraire', 'Standard', 'XVIIe siècle', '', '', 1, 1, 633, 3435, NULL, 0, NULL),
(65227, 'SP 505', 4, 6, '', 'Indéterminé', '', 1600, 1700, NULL, 'Funeraire', 'Standard', 'XVIIe siècle', '', '', 1, 1, 634, 3436, NULL, 0, NULL),
(65228, 'SP 504', 0, 2, '', 'Indéterminé', '', 1600, 1700, NULL, 'Funeraire', 'Standard', 'XVIIe siècle', '', '', 1, 1, 635, 3437, NULL, 0, NULL),
(65229, 'SP 503', 1, 2, '', 'Indéterminé', '', 1600, 1700, NULL, 'Funeraire', 'Standard', 'XVIIe siècle', '', '', 1, 1, 636, 3438, NULL, 0, NULL),
(65230, 'CBL339', 20, 99, '', 'Indéterminé', '', NULL, NULL, NULL, 'Funeraire', 'Standard', 'ossuaire', '', '', 2, 2, 637, 2996, NULL, 0, NULL),
(65231, 'I.437', 20, 99, '', 'Femme', '', NULL, NULL, NULL, 'Funeraire', 'Standard', 'nécropole', '', '', 1, 1, 638, 3439, NULL, 0, NULL),
(65232, 'I.300', 20, 99, '', 'Homme', '', NULL, NULL, NULL, 'Funeraire', 'Standard', 'nécropole', '', '', 1, 1, 639, 3440, NULL, 0, NULL),
(65233, 'I.001', 20, 99, '', 'Homme', '', NULL, NULL, NULL, 'Funeraire', 'Standard', 'nécropole', '', '', 1, 1, 640, 2998, NULL, 0, NULL),
(65234, 'I.035', 20, 99, '', 'Homme', '', 397, 567, NULL, 'Funeraire', 'Standard', 'nécropole', '', '', 1, 1, 641, 2999, NULL, 0, NULL),
(65235, '3536', 4, 6, '', 'Indéterminé', '', NULL, NULL, NULL, 'Funeraire', 'Standard', 'nécropole', '', '', 1, 1, 309, 3000, NULL, 0, NULL),
(65236, '2242', 20, 99, '', 'Homme', '', NULL, NULL, NULL, 'Funeraire', 'Standard', 'nécropole', '', '', 1, 1, 310, 3001, NULL, 0, NULL),
(65237, 'ST416', 40, 99, '', 'Homme', '', -4910, -4700, NULL, 'Funeraire', 'Standard', 'petite nécropole', '', '', 1, 1, 311, 3002, NULL, 0, NULL),
(65238, 'S29', 40, 99, '', 'Indéterminé', '', NULL, NULL, NULL, 'Funeraire', 'Standard', 'cimetière abbatiale, sépulture dans le cloître', '', '', 1, 1, 312, 3003, NULL, 0, NULL),
(65239, '49', 20, 99, '', 'Femme', '', NULL, NULL, NULL, 'Funeraire', 'Standard', 'nécropole royale', '', '', 1, 1, 313, 3004, NULL, 0, NULL),
(65240, '166', 2, 5, '', 'Indéterminé', '', NULL, NULL, NULL, 'Funeraire', 'Standard', 'cimetière protestant', '', '', 1, 1, 642, 3441, NULL, 0, NULL),
(65241, '275', 20, 99, '', 'Femme', '', NULL, NULL, NULL, 'Funeraire', 'Standard', 'cimetière protestant', '', '', 1, 1, 643, 3442, NULL, 0, NULL),
(65242, '327', 20, 99, '', 'Homme', '', NULL, NULL, NULL, 'Funeraire', 'Standard', 'cimetière protestant', '', '', 1, 1, 644, 3443, NULL, 0, NULL),
(65243, 'sépulture 948', 20, 99, '', 'Homme', '', NULL, NULL, NULL, 'Funeraire', 'Standard', 'nécropole', '', '', 1, 1, 315, 3006, NULL, 0, NULL),
(65244, 'sépulture 1246', 20, 99, '', 'Femme', '', NULL, NULL, NULL, 'Funeraire', 'Standard', 'nécropole abbatiale', '', '', 1, 1, 316, 3007, NULL, 0, NULL),
(65245, '105', 40, 50, '', 'Homme', '', NULL, NULL, NULL, 'Funeraire', 'Standard', '', '', '', 1, 1, 645, 3444, NULL, 0, NULL),
(65246, '107', 35, 45, '', 'Homme', '', NULL, NULL, NULL, 'Funeraire', 'Standard', '', '', '', 1, 1, 646, 3445, NULL, 0, NULL),
(65247, '124', 50, 60, '', 'Homme', '', NULL, NULL, NULL, 'Funeraire', 'Standard', '', '', '', 1, 1, 647, 3446, NULL, 0, NULL),
(65248, '131', 40, 50, '', 'Femme', '', NULL, NULL, NULL, 'Funeraire', 'Standard', '', '', '', 1, 1, 648, 3447, NULL, 0, NULL),
(65249, '21', 20, 99, '', 'Indéterminé', '', NULL, NULL, NULL, 'Funeraire', 'Standard', 'sép pillée, tous les os remaniés', '', '', 1, 1, 649, 3009, NULL, 0, NULL),
(65250, '17', 50, 60, '', 'Homme', '', NULL, NULL, NULL, 'Funeraire', 'Atypique', 'sép fouillée  début XXe s., squelette intégralement remanié', '', '', 1, 1, 650, 3010, NULL, 0, NULL),
(65251, 'D37F0006_1', 40, 60, '', 'Indéterminé', '', 400, 205, NULL, 'Domestique', 'Atypique', 'silo', '', '', 1, -1, 651, 3448, NULL, 0, NULL),
(65252, 'D37F0006_2', 15, 19, '', 'Homme', '', 410, 230, NULL, 'Domestique', 'Atypique', 'silo', '', '', 1, -1, 652, 3449, NULL, 0, NULL),
(65253, 'D38F0001', 30, 40, '', 'Homme', '', 390, 200, NULL, 'Domestique', 'Atypique', 'silo', '', '', 1, 1, 653, 3450, NULL, 0, NULL),
(65254, 'D19F0370', 40, 50, '', 'Homme', '', 740, 380, NULL, 'Domestique', 'Atypique', 'silo', '', '', 1, 1, 654, 3451, NULL, 0, NULL),
(65255, 'D19F0371B', 40, 50, '', 'Homme', '', NULL, NULL, NULL, 'Domestique', 'Atypique', 'silo', '', '', 1, -1, 655, 3452, NULL, 0, NULL),
(65256, 'D26F0007', 9, 13, '', 'Indéterminé', '', NULL, NULL, NULL, 'Funeraire', 'Standard', '', '', '', 1, 1, 656, 3013, NULL, 0, NULL),
(65257, 'D41F0048_2', 30, 40, '', 'Homme', '', NULL, NULL, NULL, 'Domestique', 'Atypique', 'puits', '', '', 1, -1, 318, 3014, NULL, 0, NULL),
(65258, 'D39F0274', 50, 60, '', 'Homme', '', NULL, NULL, NULL, 'Funeraire', 'Standard', '', '', '', 1, 1, 657, 3015, NULL, 0, NULL),
(65259, 'D39F0237_22', 30, 99, '', 'Indéterminé', '', NULL, NULL, NULL, 'Funeraire', 'Standard', 'sép collective crématisée', '', '', 1, -1, 658, 3453, NULL, 0, NULL),
(65260, 'D39F0237_23', 30, 40, '', 'Homme', '', NULL, NULL, NULL, 'Funeraire', 'Standard', 'sép collective crématisée', '', '', 1, -1, 659, 3454, NULL, 0, NULL),
(65261, 'D39F0237_25', 30, 99, '', 'Indéterminé', '', NULL, NULL, NULL, 'Funeraire', 'Standard', 'sép collective crématisée', '', '', 1, -1, 660, 3455, NULL, 0, NULL),
(65262, 'D39F0237_33', 30, 99, '', 'Indéterminé', '', 3090, 2894, NULL, 'Funeraire', 'Standard', 'sép collective crématisée', '', '', 1, -1, 661, 3456, NULL, 0, NULL),
(65263, 'D39F0237_41', 40, 50, '', 'Indéterminé', '', NULL, NULL, NULL, 'Funeraire', 'Standard', 'sép collective crématisée', '', '', 1, -1, 662, 3457, NULL, 0, NULL),
(65264, 'D40F0090', 50, 60, '', 'Indéterminé', '', NULL, NULL, NULL, 'Funeraire', 'Standard', '', '', '', 1, 1, 663, 3017, NULL, 0, NULL),
(65265, 'D40F0409', 50, 60, '', 'Homme', '', 243, 386, NULL, 'Funeraire', 'Standard', '', '', '', 1, 1, 664, 3018, NULL, 0, NULL),
(65266, '119', 40, 50, '', 'Femme', '', NULL, NULL, NULL, 'Funeraire', 'Standard', '', '', '', 1, 1, 665, 3043, NULL, 0, NULL),
(65267, '855', 30, 99, '', 'Indéterminé', '', NULL, NULL, NULL, 'Funeraire', 'Standard', '', '', '', 1, 1, 666, 3044, NULL, 0, NULL),
(65268, '107', 15, 20, '', 'Homme', '', NULL, NULL, NULL, 'Funeraire', 'Standard', '', '', '', 1, 1, 667, 3045, NULL, 0, NULL),
(65269, '11', 30, 40, '', 'Homme', '', NULL, NULL, NULL, 'Funeraire', 'Standard', '', '', '', 1, 1, 668, 3458, NULL, 0, NULL),
(65270, '108', 50, 65, '', 'Femme', '', NULL, NULL, NULL, 'Funeraire', 'Standard', '', '', '', 1, 1, 669, 3459, NULL, 0, NULL),
(65271, '172', 50, 60, '', 'Homme', '', 730, 951, NULL, 'Funeraire', 'Standard', '', '', '', 1, 1, 670, 3460, NULL, 0, NULL),
(65272, '234', 50, 60, '', 'Homme', '', NULL, NULL, NULL, 'Funeraire', 'Standard', '', '', '', 1, 1, 671, 3461, NULL, 0, NULL),
(65273, '229', 4, 6, '', 'Indéterminé', '', 695, 937, NULL, 'Funeraire', 'Standard', '', '', '', 1, 1, 672, 3462, NULL, 0, NULL),
(65274, '110B', 40, 50, '', 'Homme', '', 715, 940, NULL, 'Funeraire', 'Standard', '', '', '', 1, 2, 673, 3463, NULL, 0, NULL),
(65275, '116A', 35, 45, '', 'Femme', '', NULL, NULL, NULL, 'Funeraire', 'Standard', '', '', '', 1, 2, 674, 3464, NULL, 0, NULL),
(65276, '52', 10, 12, '', 'Indéterminé', '', NULL, NULL, NULL, 'Funeraire', 'Standard', '', '', '', 1, 1, 675, 3465, NULL, 0, NULL),
(65277, '56A', 55, 65, '', 'Homme', '', 725, 949, NULL, 'Funeraire', 'Standard', '', '', '', 1, 2, 676, 3466, NULL, 0, NULL),
(65278, '78A', 30, 40, '', 'Femme', '', 715, 940, NULL, 'Funeraire', 'Standard', '', '', '', 1, 2, 677, 3467, NULL, 0, NULL),
(65279, '30', 50, 60, '', 'Homme', '', 771, 965, NULL, 'Funeraire', 'Standard', '', '', '', 1, 1, 678, 3468, NULL, 0, NULL),
(65280, '95', 40, 50, '', 'Femme', '', 771, 965, NULL, 'Funeraire', 'Standard', '', '', '', 1, 1, 679, 3469, NULL, 0, NULL),
(65281, '12', 50, 60, '', 'Indéterminé', '', NULL, NULL, NULL, 'Funeraire', 'Standard', '', '', '', 1, 1, 680, 3470, NULL, 0, NULL),
(65282, '16', 40, 50, '', 'Indéterminé', '', NULL, NULL, NULL, 'Funeraire', 'Standard', '', '', '', 1, 1, 681, 3471, NULL, 0, NULL),
(65283, '51', 40, 60, '', 'Homme', '', NULL, NULL, NULL, 'Funeraire', 'Standard', '', '', '', 1, 1, 682, 3472, NULL, 0, NULL),
(65284, '67', 30, 40, '', 'Femme', '', NULL, NULL, NULL, 'Funeraire', 'Standard', '', '', '', 1, 1, 683, 3473, NULL, 0, NULL),
(65285, '124', 30, 99, '', 'Indéterminé', '', NULL, NULL, NULL, 'Funeraire', 'Standard', '', '', '', 1, 1, 684, 3474, NULL, 0, NULL),
(65286, '179', 50, 60, '', 'Indéterminé', '', NULL, NULL, NULL, 'Funeraire', 'Standard', '', '', '', 1, 1, 685, 3475, NULL, 0, NULL),
(65287, '181', 30, 99, '', 'Femme', '', NULL, NULL, NULL, 'Funeraire', 'Standard', '', '', '', 1, 1, 686, 3476, NULL, 0, NULL),
(65288, '353', 50, 60, '', 'Homme', '', NULL, NULL, NULL, 'Funeraire', 'Standard', '', '', '', 1, 1, 687, 3477, NULL, 0, NULL),
(65289, '360', 50, 60, '', 'Femme', '', NULL, NULL, NULL, 'Funeraire', 'Standard', '', '', '', 1, 1, 688, 3478, NULL, 0, NULL),
(65290, '366', 30, 99, '', 'Femme', '', NULL, NULL, NULL, 'Funeraire', 'Standard', '', '', '', 1, 1, 689, 3479, NULL, 0, NULL),
(65291, '367', 50, 60, '', 'Homme', '', 566, 655, NULL, 'Funeraire', 'Standard', '', '', '', 1, 1, 690, 3480, NULL, 0, NULL),
(65292, '369', 40, 50, '', 'Homme', '', NULL, NULL, NULL, 'Funeraire', 'Standard', '', '', '', 1, 1, 691, 3481, NULL, 0, NULL),
(65293, '427', 15, 20, '', 'Femme', '', NULL, NULL, NULL, 'Funeraire', 'Standard', '', '', '', 1, 1, 692, 3482, NULL, 0, NULL),
(65294, '612', 40, 50, '', 'Homme', '', NULL, NULL, NULL, 'Funeraire', 'Standard', '', '', '', 1, 1, 693, 3483, NULL, 0, NULL),
(65295, '395_1', 50, 60, '', 'Femme', '', NULL, NULL, NULL, 'Funeraire', 'Standard', '', '', '', 1, -1, 694, 3484, NULL, 0, NULL),
(65296, '65', 40, 50, '', 'Homme', '', 13, 1, NULL, 'Autre', 'Atypique', 'fosse extraction limon', '', '', 1, 1, 695, 3050, NULL, 0, NULL),
(65297, '101', 9, 13, '', 'Indéterminé', '', 2860, 2460, NULL, 'Funeraire', 'Standard', '', '', '', 1, 1, 696, 3051, NULL, 0, NULL),
(65298, '424', 50, 60, '', 'Homme', '', NULL, NULL, NULL, 'Domestique', 'Atypique', 'silo', '', '', 1, 1, 697, 3052, NULL, 0, NULL),
(65299, '27', 50, 70, '', 'Femme', '', NULL, NULL, NULL, 'Funeraire', 'Standard', '', '', '', 1, 1, 698, 3485, NULL, 0, NULL),
(65300, '45', 50, 60, '', 'Homme', '', NULL, NULL, NULL, 'Funeraire', 'Standard', '', '', '', 1, 1, 699, 3486, NULL, 0, NULL),
(65301, '99', 50, 60, '', 'Indéterminé', '', NULL, NULL, NULL, 'Funeraire', 'Standard', 'cimetière de léproserie', '', '', 1, 1, 700, 3487, NULL, 0, NULL),
(65302, '4', 40, 50, '', 'Homme', '', NULL, NULL, NULL, 'Funeraire', 'Standard', '', '', '', 1, 1, 701, 3488, NULL, 0, NULL),
(65303, '5', 30, 50, '', 'Indéterminé', '', NULL, NULL, NULL, 'Funeraire', 'Standard', '', '', '', 1, 1, 702, 3489, NULL, 0, NULL),
(65304, '6', 50, 60, '', 'Femme', '', NULL, NULL, NULL, 'Funeraire', 'Standard', '', '', '', 1, 1, 703, 3490, NULL, 0, NULL),
(65305, '7', 50, 60, '', 'Homme', '', NULL, NULL, NULL, 'Funeraire', 'Standard', '', '', '', 1, 1, 704, 3491, NULL, 0, NULL),
(65306, '9', 20, 50, '', 'Homme', '', NULL, NULL, NULL, 'Funeraire', 'Standard', '', '', '', 1, 1, 705, 3492, NULL, 0, NULL),
(65307, '11', 20, 50, '', 'Homme', '', NULL, NULL, NULL, 'Funeraire', 'Standard', '', '', '', 1, 1, 706, 3493, NULL, 0, NULL),
(65308, '28', 40, 50, '', 'Homme', '', 1020, 1210, NULL, 'Funeraire', 'Standard', '', '', '', 1, 1, 707, 3494, NULL, 0, NULL),
(65309, '29', 60, 70, '', 'Femme', '', NULL, NULL, NULL, 'Funeraire', 'Standard', '', '', '', 1, 1, 708, 3495, NULL, 0, NULL),
(65310, '31', 50, 60, '', 'Femme', '', NULL, NULL, NULL, 'Funeraire', 'Standard', '', '', '', 1, 1, 709, 3496, NULL, 0, NULL),
(65311, '37_2', 30, 40, '', 'Indéterminé', '', NULL, NULL, NULL, 'Funeraire', 'Standard', '', '', '', 1, 1, 710, 3497, NULL, 0, NULL),
(65312, '46', 50, 70, '', 'Indéterminé', '', NULL, NULL, NULL, 'Funeraire', 'Standard', '', '', '', 1, 1, 711, 3498, NULL, 0, NULL),
(65313, '58', 50, 70, '', 'Homme', '', NULL, NULL, NULL, 'Funeraire', 'Standard', '', '', '', 1, 1, 712, 3499, NULL, 0, NULL),
(65314, '59', 20, 99, '', 'Indéterminé', '', NULL, NULL, NULL, 'Funeraire', 'Standard', '', '', '', 1, 1, 713, 3500, NULL, 0, NULL),
(65315, '63', 30, 99, '', 'Indéterminé', '', NULL, NULL, NULL, 'Funeraire', 'Standard', '', '', '', 1, 1, 714, 3501, NULL, 0, NULL),
(65316, '69', 50, 60, '', 'Homme', '', NULL, NULL, NULL, 'Funeraire', 'Standard', '', '', '', 1, 1, 715, 3502, NULL, 0, NULL),
(65317, '77', 40, 50, '', 'Homme', '', NULL, NULL, NULL, 'Funeraire', 'Standard', '', '', '', 1, 1, 716, 3503, NULL, 0, NULL),
(65318, '96', 50, 60, '', 'Femme', '', NULL, NULL, NULL, 'Funeraire', 'Standard', '', '', '', 1, 1, 717, 3504, NULL, 0, NULL),
(65319, '105', 50, 70, '', 'Homme', '', NULL, NULL, NULL, 'Funeraire', 'Standard', '', '', '', 1, 1, 718, 3505, NULL, 0, NULL),
(65320, '114', 40, 99, '', 'Homme', '', NULL, NULL, NULL, 'Funeraire', 'Standard', '', '', '', 1, 1, 719, 3506, NULL, 0, NULL),
(65321, '115', 20, 99, '', 'Indéterminé', '', NULL, NULL, NULL, 'Funeraire', 'Standard', '', '', '', 1, 1, 720, 3507, NULL, 0, NULL),
(65322, '118', 40, 50, '', 'Femme', '', NULL, NULL, NULL, 'Funeraire', 'Standard', '', '', '', 1, 1, 721, 3508, NULL, 0, NULL),
(65323, '120', 50, 70, '', 'Femme', '', NULL, NULL, NULL, 'Funeraire', 'Standard', '', '', '', 1, 1, 722, 3509, NULL, 0, NULL),
(65324, '5', 6, 8, '', 'Indéterminé', '', NULL, NULL, NULL, 'Funeraire', 'Standard', '', '', '', 1, 1, 723, 3510, NULL, 0, NULL),
(65325, '9', 50, 60, '', 'Homme', '', NULL, NULL, NULL, 'Funeraire', 'Standard', '', '', '', 1, 1, 724, 3511, NULL, 0, NULL),
(65326, '20', 50, 60, '', 'Homme', '', NULL, NULL, NULL, 'Funeraire', 'Standard', '', '', '', 1, 1, 725, 3512, NULL, 0, NULL),
(65327, '26', 16, 18, '', 'Homme', '', NULL, NULL, NULL, 'Funeraire', 'Standard', '', '', '', 1, 2, 726, 3513, NULL, 0, NULL),
(65328, '42', 50, 60, '', 'Homme', '', NULL, NULL, NULL, 'Funeraire', 'Standard', '', '', '', 1, 1, 727, 3514, NULL, 0, NULL),
(65329, '45', 40, 50, '', 'Homme', '', NULL, NULL, NULL, 'Funeraire', 'Standard', 'réduction', '', '', 2, 1, 728, 3515, NULL, 0, NULL),
(65330, '5477E', 20, 99, '', 'Indéterminé', '', NULL, NULL, NULL, 'Funeraire', 'Standard', 'os repoussés dans sépulture collective', '', '', 2, -1, 729, 3058, NULL, 0, NULL),
(65331, '13', 50, 60, '', 'Homme', '', NULL, NULL, NULL, 'Funeraire', 'Standard', 'sép privilégiée', '', '', 1, 1, 319, 3059, NULL, 0, NULL),
(65332, '106', 40, 50, '', 'Homme', '', NULL, NULL, NULL, 'Funeraire', 'Standard', '', '', '', 1, 1, 730, 3516, NULL, 0, NULL),
(65333, '146', 50, 60, '', 'Homme', '', NULL, NULL, NULL, 'Funeraire', 'Standard', '', '', '', 1, 1, 731, 3517, NULL, 0, NULL),
(65334, '111_1', 40, 50, '', 'Homme', '', NULL, NULL, NULL, 'Funeraire', 'Standard', '', '', '', 1, -1, 732, 3518, NULL, 0, NULL),
(65335, '111_2', 20, 30, '', 'Indéterminé', '', NULL, NULL, NULL, 'Funeraire', 'Standard', 'réduction', '', '', 1, -1, 733, 3519, NULL, 0, NULL),
(65336, '203', 30, 99, '', 'Homme', '', NULL, NULL, NULL, 'Funeraire', 'Standard', '', '', '', 1, 1, 734, 3520, NULL, 0, NULL),
(65337, '221', 50, 60, '', 'Homme', '', NULL, NULL, NULL, 'Funeraire', 'Standard', '', '', '', 1, 1, 735, 3521, NULL, 0, NULL),
(65338, '225', 40, 50, '', 'Femme', '', NULL, NULL, NULL, 'Funeraire', 'Standard', '', '', '', 1, 1, 736, 3522, NULL, 0, NULL),
(65339, '257', 30, 99, '', 'Homme', '', NULL, NULL, NULL, 'Funeraire', 'Standard', '', '', '', 1, 1, 737, 3523, NULL, 0, NULL),
(65340, '38', 50, 60, '', 'Homme', '', NULL, NULL, NULL, 'Domestique', 'Atypique', 'silo', '', '', 1, 1, 738, 3524, NULL, 0, NULL),
(65341, '91A', 30, 99, '', 'Homme', '', NULL, NULL, NULL, 'Domestique', 'Atypique', 'sép remaniée dans silo', '', '', 2, -1, 739, 3525, NULL, 0, NULL),
(65342, '91C', 10, 14, '', 'Indéterminé', '', NULL, NULL, NULL, 'Domestique', 'Atypique', 'sép remaniée dans silo', '', '', 2, -1, 740, 3526, NULL, 0, NULL),
(65343, '664', 30, 99, '', 'Homme', '', NULL, NULL, NULL, 'Funeraire', 'Standard', '', '', '', 1, 1, 741, 3527, NULL, 0, NULL),
(65344, '770', 6, 8, '', 'Indéterminé', '', NULL, NULL, NULL, 'Funeraire', 'Standard', '', '', '', 1, 1, 742, 3528, NULL, 0, NULL),
(65345, '252', 50, 70, '', 'Femme', '', 230, 420, NULL, 'Funeraire', 'Standard', '', '', '', 1, 1, 743, 3529, NULL, 0, NULL),
(65346, '330', 40, 50, '', 'Homme', '', NULL, NULL, NULL, 'Funeraire', 'Standard', '', '', '', 1, 1, 744, 3530, NULL, 0, NULL),
(65347, '1063', 50, 60, '', 'Homme', '', NULL, NULL, NULL, 'Funeraire', 'Standard', '', '', '', 1, 1, 745, 3531, NULL, 0, NULL),
(65348, '1065', 30, 40, '', 'Homme', '', NULL, NULL, NULL, 'Funeraire', 'Standard', '', '', '', 1, 1, 746, 3532, NULL, 0, NULL),
(65349, '1291', 40, 50, '', 'Homme', '', 243, 386, NULL, 'Funeraire', 'Standard', '', '', '', 1, 1, 747, 3533, NULL, 0, NULL),
(65353, 'SP 9', 20, 99, '', 'Indéterminé', '', NULL, NULL, NULL, 'Funeraire', 'Standard', 'Ve s?', '', '', 1, 1, 748, 3534, NULL, 0, NULL),
(65354, 'SP 17', 20, 59, '', 'Homme', '', NULL, NULL, NULL, 'Funeraire', 'Standard', 'Phase 2 (après 300)', '', '', 1, 1, 749, 3535, NULL, 0, NULL),
(65355, 'SP 19', 30, 99, '', 'Femme', '', NULL, NULL, NULL, 'Funeraire', 'Standard', 'Phase 2/3', '', '', 1, 1, 750, 3536, NULL, 0, NULL),
(65356, 'SP 25', 40, 99, '', 'Indéterminé', '', NULL, NULL, NULL, 'Funeraire', 'Standard', 'Phase 2/3', '', '', 1, 1, 751, 3537, NULL, 0, NULL),
(65357, 'SP 34', 20, 33, '', 'Indéterminé', '', NULL, NULL, NULL, 'Funeraire', 'Standard', 'sépulture pillée et totalement bouleversée, les ossements du défunt se trouvent en position secondaire dans le remplissage de la tombe.', '', '', 2, 1, 752, 3538, NULL, 0, NULL),
(65358, 'SP 37', 40, 99, '', 'Homme', '', NULL, NULL, NULL, 'Funeraire', 'Standard', 'Phase 2 (après 285)', '', '', 1, 1, 753, 3539, NULL, 0, NULL),
(65359, 'SP 110', 20, 99, '', 'Indéterminé', '', NULL, NULL, NULL, 'Funeraire', 'Standard', 'Phase 4', '', '', 1, 1, 754, 3540, NULL, 0, NULL),
(65360, 'SP 112', 20, 29, '', 'Homme', '', NULL, NULL, NULL, 'Funeraire', 'Standard', 'Phase 3', '', '', 1, 1, 755, 3541, NULL, 0, NULL),
(65362, 'US 1075 (TR 1016)', 20, 99, '', '', '', NULL, NULL, NULL, 'Funeraire', 'Atypique', 'ossuaire en tranchée dans la crypte de la Basilique Notre Dame : créé au 19e mais ossements issus de léglise médiévale et moderne', '', '', 2, 2, 756, 3072, NULL, 0, NULL),
(65363, 'SP 2077', 40, 99, '', 'Indéterminé', '', NULL, NULL, NULL, 'Funeraire', 'Standard', 'cimetière de 550 à 1773 AD : phase E-F : 1550-1773 AD', '', '', 1, 1, 757, 3542, NULL, 0, NULL),
(65364, 'SP 2094', 40, 99, '', 'Indéterminé', '', NULL, NULL, NULL, 'Funeraire', 'Standard', 'cimetière de 550 à 1773 AD : phase E-F : 1550-1773 AD', '', '', 1, 1, 758, 3543, NULL, 0, NULL),
(65365, 'SP 2153', 18, 99, '', 'Indéterminé', '', NULL, NULL, NULL, 'Funeraire', 'Standard', 'cimetière de 550 à 1773 AD : phase E-F : 1550-1773 AD', '', '', 1, 1, 759, 3544, NULL, 0, NULL),
(65366, 'SP 2219', 40, 99, '', 'Indéterminé', '', NULL, NULL, NULL, 'Funeraire', 'Standard', 'cimetière de 550 à 1773 AD : phase E-F : 1550-1773 AD', '', '', 1, 1, 760, 3545, NULL, 0, NULL),
(65367, 'SP 2278', 30, 99, '', 'Homme', '', NULL, NULL, NULL, 'Funeraire', 'Standard', 'cimetière de 550 à 1773 AD : phase E-F : 1550-1773 AD', '', '', 1, 1, 761, 3546, NULL, 0, NULL),
(65368, 'SP 2287', 50, 99, '', 'Indéterminé', '', NULL, NULL, NULL, 'Funeraire', 'Standard', 'cimetière de 550 à 1773 AD : phase E-F : 1550-1773 AD', '', '', 1, 1, 762, 3547, NULL, 0, NULL),
(65369, 'SP 2322', 18, 99, '', 'Indéterminé', '', NULL, NULL, NULL, 'Funeraire', 'Standard', 'cimetière de 550 à 1773 AD : phase E-F : 1550-1773 AD', '', '', 1, 1, 763, 3548, NULL, 0, NULL),
(65370, 'SP 2389', 20, 99, '', 'Indéterminé', '', NULL, NULL, NULL, 'Funeraire', 'Standard', 'cimetière de 550 à 1773 AD : phase E-F : 1550-1773 AD', '', '', 1, 1, 764, 3549, NULL, 0, NULL),
(65371, 'SP 2479', 60, 99, '', 'Indéterminé', '', NULL, NULL, NULL, 'Funeraire', 'Standard', 'cimetière de 550 à 1773 AD : phase C-D-E : 1160-1650 AD', '', '', 1, 1, 765, 3074, NULL, 0, NULL),
(65372, 'SP 2489', 50, 99, '', 'Indéterminé', '', NULL, NULL, NULL, 'Funeraire', 'Standard', 'cimetière de 550 à 1773 AD : phase E : 1550-1650 AD', '', '', 1, 1, 766, 3550, NULL, 0, NULL),
(65373, 'SP 2495', 20, 99, '', 'Indéterminé', '', NULL, NULL, NULL, 'Funeraire', 'Standard', 'cimetière de 550 à 1773 AD : phase E-F : 1550-1773 AD', '', '', 1, 1, 767, 3551, NULL, 0, NULL),
(65374, 'SP 2542', 60, 99, '', 'Indéterminé', '', NULL, NULL, NULL, 'Funeraire', 'Standard', 'cimetière de 550 à 1773 AD : phase C ? 1160-1430 AD', '', '', 1, 1, 768, 3076, NULL, 0, NULL),
(65375, 'SP 2604', 40, 99, '', 'Homme', '', NULL, NULL, NULL, 'Funeraire', 'Standard', 'cimetière de 550 à 1773 AD : phase B (900-1160 AD)', '', '', 1, 1, 769, 3077, NULL, 0, NULL),
(65376, 'US 1536 B1', 0, 0, '', '', '', NULL, NULL, NULL, 'Funeraire', '', '', '', '', 2, -1, 770, 3078, NULL, 0, NULL),
(65377, 'SP 2461', 30, 99, '', 'Indéterminé', '', NULL, NULL, NULL, 'Funeraire', 'Standard', 'cimetière de 550 à 1773 AD : phase E : 1550-1650 AD', '', '', 1, 1, 771, 3079, NULL, 0, NULL),
(65378, 'SP 1164-SQ 1165', 30, 99, '', 'Homme', '', NULL, NULL, NULL, 'Funeraire', 'Standard', '', '', '', 1, 1, 321, 3080, NULL, 0, NULL),
(65425, 'T41 - sondage 3', 20, 99, '', 'Indéterminé', '', NULL, NULL, NULL, 'Funeraire', 'Standard', '', '', '', -1, -1, 773, 3552, NULL, 0, NULL),
(65426, 'Sq 2183 (T 95)', 20, 35, '', 'Femme', '', NULL, NULL, NULL, 'Funeraire', 'Standard', '', '', '', 1, 1, 774, 3553, NULL, 0, NULL),
(65427, 'Sq 2255 (T 110)', 35, 55, '', 'Femme', '', NULL, NULL, NULL, 'Funeraire', 'Standard', '', '', '', 1, 1, 775, 3554, NULL, 0, NULL),
(65428, 'Sq 2272 (T 116)', 20, 99, '', 'Indéterminé', '', NULL, NULL, NULL, 'Funeraire', 'Standard', '', '', '', 1, 1, 776, 3555, NULL, 0, NULL),
(65429, 'Sq 2283 (T 119)', 20, 35, '', 'Femme', '', NULL, NULL, NULL, 'Funeraire', 'Standard', '', '', '', 1, 1, 777, 3556, NULL, 0, NULL),
(65430, 'Sq 2358 (T 136)', 20, 35, '', 'Homme', '', NULL, NULL, NULL, 'Funeraire', 'Standard', '', '', '', 1, 1, 778, 3557, NULL, 0, NULL),
(65431, 'Sq 2413 (T 148)', 55, 99, '', 'Indéterminé', '', NULL, NULL, NULL, 'Funeraire', 'Standard', '', '', '', 1, 1, 779, 3558, NULL, 0, NULL),
(65432, 'Sq 2473 (T 163)', 50, 60, '', 'Femme', '', NULL, NULL, NULL, 'Funeraire', 'Standard', '', '', '', 1, 1, 780, 3559, NULL, 0, NULL),
(65433, 'Sq 2489 (T 169)', 20, 99, '', 'Indéterminé', '', NULL, NULL, NULL, 'Funeraire', 'Standard', '', '', '', 1, 1, 781, 3560, NULL, 0, NULL),
(65434, 'Sq 2499 (T 171)', 20, 99, '', 'Homme', '', NULL, NULL, NULL, 'Funeraire', 'Standard', '', '', '', 1, 1, 782, 3561, NULL, 0, NULL),
(65435, 'Sq 2527 (T 174)', 40, 59, '', 'Indéterminé', '', NULL, NULL, NULL, 'Funeraire', 'Standard', '', '', '', 1, 1, 783, 3562, NULL, 0, NULL),
(65436, 'Sq 2596 (T 188)', 55, 99, '', 'Indéterminé', '', NULL, NULL, NULL, 'Funeraire', 'Standard', '', '', '', 1, 1, 784, 3563, NULL, 0, NULL),
(65437, 'Sq 2614 (T 192)', 35, 55, '', 'Indéterminé', '', NULL, NULL, NULL, 'Funeraire', 'Standard', '', '', '', 1, 1, 785, 3564, NULL, 0, NULL),
(65438, 'Sq 2630 (T 196)', 55, 99, '', 'Femme', '', NULL, NULL, NULL, 'Funeraire', 'Standard', '', '', '', 1, 1, 786, 3565, NULL, 0, NULL),
(65439, 'Sq 2710 (T 212)', 35, 99, '', 'Homme', '', NULL, NULL, NULL, 'Funeraire', 'Standard', '', '', '', 1, 1, 787, 3566, NULL, 0, NULL),
(65440, 'Sq 2894 (T 251)', 20, 99, '', 'Homme', '', NULL, NULL, NULL, 'Funeraire', 'Standard', '', '', '', 1, 1, 788, 3567, NULL, 0, NULL),
(65441, 'Sq 2977 (T 267)', 50, 69, '', 'Homme', '', NULL, NULL, NULL, 'Funeraire', 'Standard', '', '', '', 1, 1, 789, 3568, NULL, 0, NULL),
(65442, 'Sq 3002 (T 272)', 35, 55, '', 'Femme', '', NULL, NULL, NULL, 'Funeraire', 'Standard', '', '', '', 1, 1, 790, 3569, NULL, 0, NULL),
(65443, 'Sq 3246 (T325)', 50, 99, '', 'Indéterminé', '', NULL, NULL, NULL, 'Funeraire', 'Standard', '', '', '', 1, 1, 791, 3570, NULL, 0, NULL),
(65444, 'Sq 3251 (T326)', 20, 99, '', 'Femme', '', NULL, NULL, NULL, 'Funeraire', 'Standard', '', '', '', 1, 1, 792, 3571, NULL, 0, NULL),
(65445, 'Sq 3256 (T327)', 20, 99, '', 'Femme', '', NULL, NULL, NULL, 'Funeraire', 'Standard', '', '', '', 1, 1, 793, 3572, NULL, 0, NULL),
(65446, 'Sq 3352 (T347)', 20, 99, '', 'Homme', '', NULL, NULL, NULL, 'Funeraire', 'Standard', '', '', '', 1, 1, 794, 3573, NULL, 0, NULL),
(65447, 'Sq 3442 (T363)', 20, 99, '', 'Femme', '', NULL, NULL, NULL, 'Funeraire', 'Standard', '', '', '', 1, 1, 795, 3574, NULL, 0, NULL),
(65448, 'Sq 3456 (T366)', 20, 99, '', 'Femme', '', NULL, NULL, NULL, 'Funeraire', 'Standard', '', '', '', 1, 1, 796, 3575, NULL, 0, NULL),
(65449, 'Sq 3471 (T369)', 15, 15, '', 'Indéterminé', '', NULL, NULL, NULL, 'Funeraire', 'Standard', '', '', '', 1, 1, 797, 3576, NULL, 0, NULL),
(65450, 'Sq 3535 (T383)', 20, 99, '', 'Femme', '', NULL, NULL, NULL, 'Funeraire', 'Standard', '', '', '', 1, 1, 798, 3577, NULL, 0, NULL),
(65451, 'Sq 3597 (T397)', 20, 99, '', 'Homme', '', NULL, NULL, NULL, 'Funeraire', 'Standard', '', '', '', 1, 1, 799, 3578, NULL, 0, NULL),
(65452, 'Sq 3663 (T412)', 50, 60, '', 'Indéterminé', '', NULL, NULL, NULL, 'Funeraire', 'Standard', '', '', '', 1, 1, 800, 3579, NULL, 0, NULL),
(65453, 'Sq 3678 (T415)', 20, 99, '', 'Homme', '', NULL, NULL, NULL, 'Funeraire', 'Standard', '', '', '', 1, 1, 801, 3580, NULL, 0, NULL),
(65454, 'Sq 3683 (T416)', 20, 99, '', 'Indéterminé', '', NULL, NULL, NULL, 'Funeraire', 'Standard', '', '', '', 1, 1, 802, 3581, NULL, 0, NULL),
(65455, 'Sq 3700 (T418)', 20, 99, '', 'Indéterminé', '', NULL, NULL, NULL, 'Funeraire', 'Standard', '', '', '', 1, 1, 803, 3582, NULL, 0, NULL),
(65456, 'Sq 3746 (T429)', 20, 99, '', 'Indéterminé', '', NULL, NULL, NULL, 'Funeraire', 'Standard', '', '', '', 1, 1, 804, 3583, NULL, 0, NULL),
(65457, 'Sq 3827 (T446)', 20, 99, '', 'Femme', '', NULL, NULL, NULL, 'Funeraire', 'Standard', '', '', '', 1, 1, 805, 3584, NULL, 0, NULL),
(65458, 'Sq 3913 (T463)', 20, 99, '', 'Homme', '', NULL, NULL, NULL, 'Funeraire', 'Standard', '', '', '', 1, 1, 806, 3585, NULL, 0, NULL),
(65459, 'Sq 3961 (T473)', 20, 99, '', 'Homme', '', NULL, NULL, NULL, 'Funeraire', 'Standard', '', '', '', 1, 1, 807, 3586, NULL, 0, NULL),
(65460, 'Sq 4158 (T514)', 20, 99, '', 'Indéterminé', '', NULL, NULL, NULL, 'Funeraire', 'Standard', '', '', '', 1, 1, 808, 3587, NULL, 0, NULL),
(65461, 'Sq 4212 (T526)', 20, 99, '', 'Homme', '', NULL, NULL, NULL, 'Funeraire', 'Standard', '', '', '', 1, 1, 809, 3588, NULL, 0, NULL),
(65462, 'Sq 4438 (T574)', 20, 99, '', 'Indéterminé', '', NULL, NULL, NULL, 'Funeraire', 'Standard', '', '', '', 1, 1, 810, 3589, NULL, 0, NULL),
(65463, 'Sq 4533 (T595)', 20, 99, '', 'Homme', '', NULL, NULL, NULL, 'Funeraire', 'Standard', '', '', '', 1, 1, 811, 3590, NULL, 0, NULL),
(65464, 'Sq 4721 (T636)', 20, 99, '', 'Femme', '', NULL, NULL, NULL, 'Funeraire', 'Standard', '', '', '', 1, 1, 812, 3591, NULL, 0, NULL),
(65465, 'Sq 4813 (T659)', 20, 99, '', 'Indéterminé', '', NULL, NULL, NULL, 'Funeraire', 'Standard', '', '', '', 1, 1, 813, 3592, NULL, 0, NULL),
(65466, 'Sq 4816 (T660)', 20, 99, '', 'Indéterminé', '', NULL, NULL, NULL, 'Funeraire', 'Standard', '', '', '', 1, 1, 814, 3593, NULL, 0, NULL),
(65816, '2390', 30, 99, '', 'Indéterminé', '', 700, 1100, 'Urbain', 'Funeraire', 'Standard', '', 'luxation congénitale bilatérale et symétrique des épaules. La cavité glunoïdale est atrophiée et déportée face postérieure et la tête humérale est très aplatie supéro-latéralement et légèrement déportée en vue postérieure. ', '', 1, 1, 860, 3632, NULL, 0, NULL),
(65497, 'SP 1135', 30, 99, '', 'Femme', '', NULL, NULL, NULL, 'Funeraire', 'Standard', '', '', '', 1, 1, 839, 3117, NULL, 0, NULL),
(65814, '2012', 50, 99, '', 'Femme', '', 700, 999, 'Urbain', 'Funeraire', 'Standard', '', 'Ce sujet présente une fracture ancienne au niveau de la clavicule gauche. Celle-ci a entrainé la formation d’un cal osseux ainsi que son raccourcissement par rapport à la droite.', '', 1, 1, 528, 3347, NULL, 0, NULL),
(65813, '2006', 50, 99, '', 'Femme', '', 1400, 1600, 'Urbain', 'Funeraire', 'Standard', '', 'on remarque que les insertions musculaires sont généralement marquées et des enthéospathies sont visibles de façon symétrique au niveau des tubérosités humérales, des épicondyles latéraux des humérus, des tubérosités radiales ainsi que de la ligne âpre. On note également l’ossification des cartilages costo-sternaux. De plus, une coulée osseuse antéro-latérale est visible de la cinquième à la onzième vertèbre thoracique. Celle-ci a entrainé l’ankylose des sixième, septième et huitième vertèbres thoraciques, ainsi de la dixième et onzième vertèbres thoraciques .  Cette ossification en « coulée de bougie » respectant l’intégrité de l’espace intervertébral et accompagnée des atteintes extra-rachidiennes qui permettent de dire que cet individu présente les critères nécessaires au diagnostic de la maladie hyperostosique de Forestier (DISH).', '', 1, 1, 527, 3346, NULL, 0, NULL),
(65770, '1048', 30, 60, '', 'Homme', '', 690, 890, 'Rural', 'Domestique', 'Standard', '', 'Fracture ancienne des côtes gauche 8 à 11 avec formation d’un cal osseux en forme de bourrelet de taille discrète (côte 8 et 11) ou hypertrophiante (côte 9 et 10) avec exoxtoses et entrainant une déviation axiale. Possible fracture du scaphoïde gauche ayant entrainé le remaniement de la surface articulaire distale de l’épiphyse distale du radius avec la formation d’une cal osseux. Une fracture ancienne du pubis et de la branche ischio-pubienne gauche avec formation d’un cal osseux avec exostose au niveau du pecten du pubis (épaississement net, présence de pont osseux et géodes) \r\nLégère scoliose visible de la troisième à la sixième vertèbre thoracique avec asymétrie du corps vertébral vers la gauche. Ces pathologies d’origines traumatiques touchent toutes le côté gauche de cet individu. La cause de polytraumatismes de cet nature est violente et pourrait être une chute ou une percussion.\r\n', '', 1, 1, 484, 3303, NULL, 0, NULL),
(65812, '2004', 50, 99, '', 'Femme', '', 1600, 1799, 'Urbain', 'Funeraire', 'Standard', '', 'On note la présence d’arthrose secondaire au niveau du poignet gauche du à une fracture ancienne visible au niveau de l’extrémité distale de la diaphyse et de l\'épiphyse du radius gauche. Celle-ci a entrainé la formation d’un cal osseux, un léger raccourcissement de la diaphyse ainsi que d’une modification de la surface articulaire distale. IL semble s\'agir ici d\'une fracture dite de \"chute\".\r\nPar ailleurs, on note également l’écrasement antérieure du corps vertébral de la quatrième thoracique, avec une différence d’1 cm entre la hauteur postérieure et antérieure et la formation d’arthrose sur le bord du corps vertébral. Il semble être la conséquence d’une fracture par tassement, mais seule une radiographie de cette vertèbre nous permettrait de le confirmer. Quoiqu’il en soit, cet écrasement a entrainé une forte angulation antérieure (45°) des vertèbres thoraciques ainsi que le développement d’arthrose sous forme d’un bourrelet osseux sur le bord antérieur des corps vertébraux de la quatrième à la douzième vertèbre thoracique. Il semble également responsable de la coulée osseuse importante, antéro-latérale droite, entre la cinquième vertèbre lombaire et le sacrum, ayant presque entrainé une ankylose. Le sujet étant un individu âgée de sexe féminin, on peut se demander si ces pathologies ne sont pas les séquelles indirectes d\'une ostéoporose de type 1.', '', 1, 1, 526, 3345, NULL, 0, NULL),
(65785, '560', 25, 99, '', 'Homme', '', -50, 500, 'Rural', 'Funeraire', 'Standard', '', 'Myosite ossifiante (expertise Frédéric Boursier)', '175 clous de chaussures (lot MET 295-296)\r\ndeux céramiques e (iso CER 162 et 163) et objet en alliage cuivreux x (iso MET 298)\r\n', 1, 1, 499, 3318, NULL, 1, NULL),
(65811, '2003', 30, 99, '', 'Homme', '', 1700, 1899, 'Urbain', 'Funeraire', 'Standard', '', 'Une coulée osseuse antéro-latérale est visible entre les VT4, VT5 et VT6, ainsi qu’entre les VT8, VT9, VT10, VT11 et VT12. Celle-ci a entrainé une ankylose entre la neuvième et la dixième vertèbre thoracique, sans toucher à l\'espace intervertébral ou les apophyses postérieures des vertèbres. On note également l’ossification des cartilages costo-sternaux, du larynx et du sternum. Les insertions musculaires sont généralement marquées et des enthésopathies légères à moyennes sont visibles au niveau de l’extrémité proximale du radius droit, du grand et petit trochanter gauche, de la crête iliaque et de la tubérosité ischiatique gauche, ainsi que de l’extrémité distale de la fibula gauche. Ces différents symptômes semblent être les signes caractéristiques de la maladie dégénérative hyperostotique dite de Forestier. Mais l’ankylose de l’articulation sacro-iliaque du côté gauche pourrait nous orienter plutôt vers une spondylarthropathie (SPA). Pourtant cette fusion n\'est pas symétrique et seul le côté gauche est touché, d\'autant plus qu\'ici la surface articulaire n’est pas totalement soudée, on observe plutôt des ponts osseux en face antérieure du sacrum. Alors sans lésions symétriques et bilatérales, et sans fusion intervertébrale, le diagnostic d\'un DISH reste le plus probable, sans toutefois pouvoir le confirmer.', '', 1, 1, 525, 3344, NULL, 0, NULL),
(65780, '001', 18, 24, 'Ferembach', 'Indéterminé', '', 971, 1054, 'Rural', 'Funeraire', 'Standard', 'Sépulture percutant sarcophage mérovingien, datée au C14 Xe-XIe siècle, seul le crâne et le squelette supérieur droit ont pu être fouillés', 'Syndrome de Klippel-Feil (expertise Frédéric Boursier) d\'un individu adulte daté au C14 du Xe-XIe : fusion congénitale des vertèbres cervicales II et III générant une asymétrie du rachis cervical; accompagné d\'une plagiocéphalie.  ', '', 1, 1, 494, 3313, NULL, 1, NULL),
(65778, '023', 25, 99, 'Ferembach', 'Indéterminé', '', 1100, 1500, 'Rural', 'Funeraire', 'Standard', 'Vidange de 4 individus dans la partie médiévale et moderne du cimetière paroissial de Bondy  au niveau des sépultures phase 3 : XIVe siècle', 'Forte probabilité Ostéomyélite (diagnostic sur photos F.Boursier)  Radiographie souhaitable \r\nAtteintes du membre inférieur gauche et tibia droit: déformation volumique des os, prolifération osseuse au niveau des surfaces articulaires et calcification tendons; remaniement osseux en \"gouttes\" cf inflammation , ankylose talus-calcaneus ', '', 2, -1, 492, 3311, NULL, 1, NULL),
(65712, '1435', 30, 99, '', 'Femme', '', 1000, 1200, 'Rural', 'Funeraire', 'Standard', 'la suite de ce cimetière a été fouillée en 1994 par le CD94 (pas de rapport)', 'L\'humérus droit et le fémur et la patella gauche présentent également des appositions périostées au niveau de leurs extrémités distales correspondant à des périostites.\r\nL\'aspect typique des ostéomyélites avec cloaque de la clavicule et fistules du tibia plaide en faveur d\'une infection à germes pyogènes (comme le staphylocoque ou le streptocoque) par diffusion hématogène.\r\n\r\nQualifie une bactérie capable de provoquer une accumulation locale de polynucléaires neutrophiles altérés se traduisant par la formation de pus. Les staphylocoques et les streptocoques sont des germes pyogènes responsables d\'infections aiguës (furoncle dû au staphylocoque doré, par exemple).\r\n', 'fibule', 1, 1, 426, 3245, NULL, 0, NULL),
(65714, '3012', 1, 3, '', 'Indéterminé', '', NULL, NULL, NULL, 'Funeraire', 'Standard', '', '', '', 1, 1, 428, 3247, NULL, 0, NULL)
ON DUPLICATE KEY UPDATE id=id;
INSERT INTO `sujet_handicape` (`id`, `id_sujet_handicape`, `age_min`, `age_max`, `age_methode`, `sexe`, `sexe_methode`, `dating_min`, `dating_max`, `milieu_vie`, `contexte`, `contexte_normatif`, `comment_contexte`, `comment_diagnostic`, `description_mobilier`, `id_type_depot`, `id_sepulture`, `id_depot`, `id_groupe_sujets`, `date_ajout`, `complet`, `donnees_genetiques`) VALUES
(65715, '4836', 20, 29, '', 'Femme', '', 652, 768, 'Rural', 'Domestique', 'Standard', '', 'lésions serpigineuses en face endocrânienne au niveau de l’occipital. Appositions périostées à l’aspect poreux au niveau du quart distal de l’épiphyse fémorale droite (face antérieure et postérieure) accompagnées d’un aspect soufflé de la diaphyse à cet endroit. Appositions périostées lamellaires face latérale et postérieure sur la majeure partie de la diaphyse du tibia droit. Ces appositions entourent l’articulation du genou droit, traduisant ainsi une infection non spécifique au niveau de cette dernière. Bien que la mauvaise conservation de la matière osseuse ait entrainé la quasi disparition de cette articulation, on peut se demander si la position atypique des membres inférieurs (fléchis et asymétriques) de cet individu ne serait pas dû à une pathologie entrainant l’impossibilité de l’inhumer avec les membres inférieurs en extension. Nous avons vu ci-dessus que cet individu présente des SES et qu’il s’agit de lésions courantes pour les individus morts de tuberculose. Une autre expression osseuse de cette infection peut entrainer, de façon unilatérale et monoarticulaire, pour la hanche et le genou, une ankylose avec déviation. Alors, l’hypothèse de la présence d’une tumeur blanche (ostéoarthrite tuberculeuse) du genou peut être proposer sans toutefois la confirmer. Mais l’association de lésion serpigineuse en face endocranienne et d’une possible tumeur blanche du genou droit, semble suggérer la tuberculose comme diagnostique différentiel.', '', 1, 1, 429, 3248, NULL, 0, NULL),
(65716, '2574', 30, 99, '', 'Femme', '', 800, 1100, 'Urbain', 'Funeraire', 'Standard', '', 'lésions lytiques, à type d’érosion des bords antérieurs (supérieurs mais aussi inférieurs) des corps vertébraux, avec un aspect de remaniement du tissu spongieux, des vertèbres T8, T9, T10, L3, L4, L5. Ce processus destructif subaiguë est en partie confirmé par les bilans radiologiques montrant une zone de condensation péri-lésionnelle. Certaines de ces érosions sont associées à des ostéophytes au niveau lombaire. Nous constatons une atteinte des articulations sacro-iliaques bilatérales, avec présence de géodes diffuses, correspondant à une sacro-ilite. Enfin, il existe une lésion destructrice, circonscrite, de la face articulaire de la patella gauche, présentant un aspect de géode de grande taille. Associé à une sacro-illite bilatérale pour l’individu 2574, le diagnostic de brucellose est fortement suspecté', '', 1, 1, 430, 3249, NULL, 0, NULL),
(65717, '2993', 20, 30, '', 'Homme', '', 900, 1000, 'Urbain', 'Funeraire', 'Standard', '', 'Il présente des lésions lytiques des bords antéro-supérieurs des vertèbres lombaires L3, L4, L5. Le bilan radiologique des vertèbres lombaires, met en évidence un défect du bord antéro-supérieur des corps vertébraux, avec un fin liseré de condensation péri-lésionnelle pouvant correspondre au signe de Pedro-Pons. le diagnostic de brucellose est fortement suspecté', '', 1, 1, 431, 3250, NULL, 0, NULL),
(65718, '2354', 30, 99, '', 'Femme', '', 900, 1000, 'Urbain', 'Funeraire', 'Standard', '', 'Il est constaté des lésions lytiques, à type d’érosion des bords supéro-antérieurs des corps vertébraux, avec un aspect de remaniement du tissu spongieux, des vertèbres T7, T8, T9, T 10, T11, L3, L4. Certaines de ces érosions sont associées à des ostéophytes au niveau lombaire. Le bilan radiologique des vertèbres, met en évidence un défect du bord antéro-supérieur des corps vertébraux, avec un fin liseré de condensation péri-lésionnelle pouvant correspondre au signe de Pedro-Pons. , le diagnostic de brucellose est fortement suspecté.', '', 1, 1, 432, 3251, NULL, 0, NULL),
(65719, '2369', 1, 9, '', 'Indéterminé', '', 800, 1000, 'Urbain', 'Funeraire', 'Standard', '', 'Il présente des lésions destructives, évoquant des abcès, touchant sept vertèbres cervicales et thoraciques, aussi bien au niveau des corps que des arcs postérieurs. Le diagnostic infectieux ne semble pas faire de doute, par contre l’étiologie peut être diverse entre la tuberculose, les germes pyogenes, voire la brucellose de nouveau.', '', 1, 1, 433, 3252, NULL, 0, NULL),
(65720, '2569', 20, 30, '', 'Homme', '', 894, 1020, 'Urbain', 'Funeraire', 'Standard', '', 'lésions lytiques, évoquant des abcès, au niveau de cinq vertèbres cervicales et thoraciques, ainsi qu’un volumineux abcès soufflé du manubrium. On retrouve de plus des zones d’appositions périostées épaisses au niveau de l’os coxal, de la face interne du sacrum, ainsi que des fibula. Si une origine néoplasique pourrait être envisagée dans ce cas, l’aspect soufflé du manubrium oriente plus vers une infection, dont le mycobactérium tuberculosis semble être l’agent le plus probable. ', '', 1, 1, 434, 3253, NULL, 0, NULL),
(65722, '241', 30, 99, '', 'Indéterminé', '', 1700, 1800, 'Urbain', 'Funeraire', 'Standard', '', 'Problème de conservation des os mais diagnostic de DISH probable (coulée osseuse antéro-latérale droite).', '', 1, 1, 436, 3255, NULL, 0, NULL),
(65723, '324', 30, 99, '', 'Homme', '', 1700, 1800, 'Urbain', 'Funeraire', 'Standard', '', 'Fracture de l\'ulna gauche\r\nCoulée osseuse sur les VT à droite, coxarthrose très développée à droite, sacrum fusionné à l\'os coxal gauche', '', 1, 1, 437, 3256, NULL, 0, NULL),
(65724, '645', 30, 59, '', 'Homme', '', 1700, 1800, 'Urbain', 'Funeraire', 'Standard', '', 'Arthrose très développée sur la colonne vertébrale (pas de coulée osseuse), présence de nodules de Schmorl (VT/VL), présence d\'enthésopathie sur les crêtes iliaques, membres inférieurs : DISH suspecté mais non confirmé.', '', 1, 1, 438, 3257, NULL, 0, NULL),
(65725, '388', 30, 99, '', 'Homme', '', 1700, 1800, 'Urbain', 'Funeraire', 'Standard', '', 'Coulée osseuse antéro-latérale droite sur au moins quatre VT + une arthrose bien développée sur les autres vertèbres (collerettes ostéophytiques), enthésopathie des patellas et des membres inférieurs (fémur, tibia), cartilage ossifié de certaines côtes', '', 1, 1, 439, 3258, NULL, 0, NULL),
(65726, '618', 30, 59, '', 'Homme', '', 1700, 1800, 'Urbain', 'Funeraire', 'Standard', '', 'Coulée osseuse antéro-latérale droite sur au moins quatre VT, fusion de L5 avec le sacrum, C4 et C5. présence d\'une importante coxarthrose.\r\nfracture de la première côte droite', 'pendentif reliquaire en argent (à l\'intérieur, cheveux et morceaux de textile en cours d\'étude) déposé sur la poitrine', 1, 1, 440, 3259, NULL, 0, NULL),
(65727, '502', 30, 99, '', 'Indéterminé', '', 1700, 1800, 'Urbain', 'Funeraire', 'Standard', '', 'Seule la mandibule est conservée, édentement complet de cette dernière\r\nPrésence d\'arthrose sur les VC', '', 1, 1, 441, 3260, NULL, 0, NULL),
(65733, '492', 30, 99, '', 'Indéterminé', '', 1700, 1800, 'Urbain', 'Funeraire', 'Standard', '', 'Fracture extrémité distale du radius D\r\nappositions périostées sur les jambes (surtout la G), pas de diagnostic précis', '', 1, 1, 447, 3266, NULL, 0, NULL),
(65729, '272', 30, 99, '', 'Homme', '', 1700, 1800, 'Urbain', 'Funeraire', 'Standard', '', 'Fracture fibula G (extrémité distale) et côte D\r\narthrose VT, VL, épaule D, coudes, coxarthrose, nodules de Schmorl', '', 1, 1, 443, 3262, NULL, 0, NULL),
(65730, '368', 30, 99, '', 'Indéterminé', '', 1700, 1800, 'Urbain', 'Funeraire', 'Standard', '', 'Fracture fémur droit en cours de consolidation\r\nenthésopathie Humérus gauche (grand pectoral)', '', 1, 1, 444, 3263, NULL, 0, NULL),
(65731, '486', 30, 99, '', 'Indéterminé', '', 1700, 1800, 'Urbain', 'Funeraire', 'Standard', '', 'Fracture épaule D avec création d\'une nouvelle surface articulaire (luxation ?) et arthrose secondaire\r\nArthrose bien développée colonne (2 VT sont soudées entre elles)\r\n', '', 1, 1, 445, 3264, NULL, 0, NULL),
(65732, '490', 30, 99, '', 'Homme', '', 1700, 1800, 'Urbain', 'Funeraire', 'Standard', '', 'arthrose colonne, coxarthrose, épaule, nodules Schmorl VT/VL/sacrum\r\nEntorse probable de la cheville G', '', 1, 1, 446, 3265, NULL, 0, NULL),
(65734, '541', 30, 99, '', 'Homme', '', 1700, 1800, 'Urbain', 'Funeraire', 'Standard', '', 'Fracture du fémur droit', '', 1, 1, 448, 3267, NULL, 0, NULL),
(65735, '551', 30, 99, '', 'Homme', '', 1700, 1800, 'Urbain', 'Funeraire', 'Standard', '', 'Fracture du radius gauche avec développement d\'une arthrose secondaire sur le poignet, entorse tibia gauche\r\nNodules de Schmorl VT/VL, arthrose épaule gauche, ', '', 1, 1, 449, 3268, NULL, 0, NULL),
(65736, '666', 30, 99, '', 'Indéterminé', '', 1700, 1800, 'Urbain', 'Funeraire', 'Standard', '', 'Fracture du fémur gauche (au niveau du col)', '', 1, 1, 450, 3269, NULL, 0, NULL),
(65737, '705', 30, 99, '', 'Indéterminé', '', 1700, 1800, 'Urbain', 'Funeraire', 'Standard', '', 'Fracture du fémur droit', '', 1, 1, 451, 3270, NULL, 0, NULL),
(65738, '745', 30, 99, '', 'Indéterminé', '', 1700, 1800, 'Urbain', 'Funeraire', 'Standard', '', 'Fracture de l\'humérus droit avec développement d\'une arthrose secondaire sur l\'épaule', '', 1, 1, 452, 3271, NULL, 0, NULL),
(65740, 'I.020', 30, 99, '', 'Femme', '', 500, 700, 'Rural', 'Funeraire', 'Standard', '', 'Atteinte de l\'humérus et de la scapula droite. La tête humérale est atrophiée avec une déformation volumique importante. L\'ostéophyte s\'est développé autour du sillon intertuberculaire tout en le préservant. La cavité glénoïdale est également déformée, le volume a augmenté. Il peut s\'agir d\'un traumatisme (coup porté) avec une dégénération infectieuse. L\'extrémité discale de l\'ulna présente une atrophie ainsi qu\'une boursouflure. Le processus styloïde a disparu dans la masse osseuse. Dans une moindre mesure, le radius gauche présente sur sa surface médiale un ostéophyte limité à sa connexion avec l\'ulna. Ces atteintes sont peut-être à rapprocher du trouble présent au niveau des os droits de la ceinture scapulaire ', '', 1, 1, 454, 3273, NULL, 0, NULL),
(65741, 'I.101', 30, 99, '', 'Indéterminé', '', 1015, 1160, 'Rural', 'Funeraire', 'Standard', '', 'La quasi-totalité des os sont atteints d\'enthèses, notamment le fémur gauche, sur le grand trochanter. L\'ulna droit présente aussi une atteinte en son extrémité distale et la surface articulaire avec le scaphoïde est boursoufflée et ourlée d\'ostéophyte. Tout ceci pourrait correspondre à une atteinte généralisée du squelette par de l\'arthropathie. ', '', 1, 1, 455, 3274, NULL, 0, NULL),
(65742, 'I.104', 30, 99, '', 'Homme', '', 1015, 1160, 'Rural', 'Funeraire', 'Standard', '', 'Les os du poignet et les métacarpes droits présentent une synostose complète. Cette ankylose a rendu impossible toute rotation du poignet. ', '', 1, 1, 456, 3275, NULL, 0, NULL),
(65743, 'I.010', 30, 99, '', 'Femme', '', 500, 700, 'Rural', 'Funeraire', 'Standard', '', 'Subluxation de l\'articulation coxo-fémorale gauche', '', 1, 1, 457, 3276, NULL, 0, NULL),
(65744, 'I.012', 40, 99, '', 'Femme', '', 1015, 1160, 'Rural', 'Funeraire', 'Standard', '', 'Nombreux ostéophytes observables sur les vertèbres, principalement les lombaires', '', 1, 1, 458, 3277, NULL, 0, NULL),
(65745, 'I.019', 40, 99, '', 'Femme', '', 1020, 1165, 'Rural', 'Funeraire', 'Standard', '', 'Des collerettes ostéophytiques sont visibles sur la 7e vertèbre cervicale et la 1ere vertèbre thoracique (spondylarthrose). Une arthrose odonto-atloïdienne est également présente ', '', 1, 1, 459, 3278, NULL, 0, NULL),
(65746, 'I.042', 30, 99, '', 'Homme', '', 1015, 1160, 'Rural', 'Funeraire', 'Standard', '', 'Des nombreux ostéophytes sont présents sur le rachis (spondylarthrose)', 'Un ardillon en alliage base cuivre et presque intégralement conservé fut découvert en remblai. Il s\'agit d\'un ardillon à base scutiforme, décoré de deux ocelles et d\'un X central. ', 1, 1, 460, 3279, NULL, 0, NULL),
(65747, 'I.046', 30, 99, '', 'Homme', '', 1020, 1165, 'Rural', 'Funeraire', 'Standard', '', 'Les fémurs et les tibias présentent une apposition périostée sur leur face postérieure (infection ?). ', '', 1, 1, 461, 3280, NULL, 0, NULL),
(65748, 'I.048', 30, 99, '', 'Homme', '', 828, 1161, 'Rural', 'Funeraire', 'Standard', '', 'De l\'ostéophyte est présent sur les vertèbres cervicales (spondylarthrose)', '', 1, 1, 462, 3281, NULL, 0, NULL),
(65749, 'I.049', 30, 99, '', 'Homme', '', 1015, 1160, 'Rural', 'Funeraire', 'Standard', '', 'De l\'ostéophyte est observable sur la 4e et la 5e vertèbres lombaires ainsi qu\'une arthrose odonto-altoïdienne', '', 1, 1, 463, 3282, NULL, 0, NULL),
(65750, 'I.057', 25, 40, '', 'Femme', '', 828, 1161, 'Rural', 'Funeraire', 'Standard', '', 'Des l\'ostéophyte est présent sur l\'extrémité vertébrale de quelques côtes, probablement d\'origine arthrosique', '', 1, 1, 464, 3283, NULL, 0, NULL),
(65751, 'I.077', 30, 99, '', 'Femme', '', 828, 1161, 'Rural', 'Funeraire', 'Standard', '', 'On observe une atteinte très importante de la partie distale du fémur droit sur sa face postérieure, qui concerne uniquement la région d\'insertion des grand et moyen adducteurs. Elle présente l\'aspect d\'une boursoufflure d\'environ 8 mm ainsi que des cavités médiales. Elle est unilatérale. Ce trouble a vraisemblablement une origine traumatique, aggravé par une atteinte infectieuse. ', '', 1, 1, 465, 3284, NULL, 0, NULL),
(65752, 'I.082', 30, 99, '', 'Indéterminé', '', 500, 700, 'Rural', 'Funeraire', 'Standard', '', 'Une légère boursouflure est observable au niveau de la diaphyse tibiale droite (face médiale) pouvant correspondre à un ulcère variqueux ', 'Une plaque-boucle en alliage base cuivre, trois ferrets en alliage base cuivre', 1, 1, 466, 3285, NULL, 0, NULL),
(65753, 'I.087', 40, 99, '', 'Femme', '', 1020, 1165, 'Rural', 'Funeraire', 'Standard', '', 'Quelques ostéophytes sont observables sur le rachis lombaire et la dernière thoracique. Ces manifestations sont d\'ordre arthrosique. Il est a noté également une apposition périostée sur la face antérieure du radius droit sur le 1/3 distal, au niveau du muscle carré pronateur avec une déformation volumique. L\'origine infectieuse ou ligamentaire est probable. Ce caractère n\'est pas bilatéral. ', '', 1, 1, 467, 3286, NULL, 0, NULL),
(65754, 'I.096', 30, 50, '', 'Femme', '', 1015, 1160, 'Rural', 'Funeraire', 'Standard', '', 'Ostéophyte marqué sur la première vertèbre sacrée et les 4e et 5e vertèbres lombaires. Il est à noter également les signes d\'une arthrose odonto-atloïdienne ', '', 1, 1, 468, 3287, NULL, 0, NULL),
(65755, 'JUG I.003', 20, 99, '', 'Femme', '', NULL, NULL, NULL, 'Funeraire', NULL, '', 'Perte ante mortem, ostéophytes sur plusieurs os (coxaux et fibulas), enthèses sur la patella droite et tassement des vertèbres. Hypervascularisation des fémurs et tibias et appositions périostées sur les tibias. \r\nPathologie traumatique : double fracture de l\'humérus et du radius gauche. Humérus : fracture au tiers proximal, entrainant un remaniement osseux avec une rotation médiale du tiers proximal de l\'os, une réduction de la diaphyse (248 mm) à l\'insertion deltoïde et une nécrose de la tête humérale avec arthrose.\r\nFracture de Pouteau au radius droit : consolidation avec remaniement osseux avec changement de l\'axe de l\'os et la formation d\'exostoses.', '', 1, 1, 469, 3288, NULL, 0, NULL),
(65756, 'JUG I.002', 20, 99, '', 'Femme', '', NULL, NULL, NULL, 'Funeraire', NULL, '', 'Signes dégénératifs : enthèses sur la patella gauche et ostéophytes sur la tête humérale, les phalanges des mains, la tubérosité bicipitale et le sacrum.', '', 1, 1, 470, 3289, NULL, 0, NULL),
(65757, 'JUG I.004', 12, 15, '', 'Indéterminé', '', NULL, NULL, NULL, 'Funeraire', NULL, 'JUG I. 004 Phase 1 (p. 132 du rapport de fouille).', '- Humérus gauche : déformation axiale en son tiers proximal, diminution volumique du corps diaphysaire (au niveau de l\'insertion du deltoïde), rétrécissement de la longueur de l\'os, atrophie de la tête humérale avec ostéophytes, ayant pour origine une fracture de la diaphyse. \r\n- Arthrose huméro-scapulaire : dû à la mauvaise utilisation du membre supérieur après la fracture. \r\n- Fracture de Pouteau à l\'ulna gauche. \r\n- Extrémités distales des fémurs et distales des tibias : aspect criblé (hyper vascularisation) et apposition périostée, ayant probablement pour origine une infection aux genoux.', '', 2, -1, 471, 3290, NULL, 0, NULL),
(65758, 'JUG I.005', 20, 99, '', 'Indéterminé', '', NULL, NULL, NULL, 'Funeraire', NULL, '', '- Extrémités distales des tibias et des fibulas : appositions périostées sur leurs faces antérieures. \r\n- Extrémité distale du premier métatarse gauche : ostéophyte sur la face latérale et médiale et une surface d\'éburnation.', '', 1, 1, 472, 3291, NULL, 0, NULL),
(65759, 'JUG I.042 (JUG 105)', 20, 99, '', 'Indéterminé', '', NULL, NULL, NULL, 'Funeraire', NULL, '', '- Deux dernières vertèbres lombaires : déformation des corps vertébraux, tassés sur leur rebord antérieur. \r\n- 2e et 3e lombaires : ostéophytes. \r\n- Plusieurs vertèbres : présence d\'hernies intra-spongieuses de Schmorl. \r\n- Acetabulum droit : forte vascularisation.', '', 1, 1, 473, 3292, NULL, 0, NULL),
(65760, 'Jug I.043 (JUG 106)', 20, 99, '', 'Homme', '', NULL, NULL, NULL, 'Funeraire', NULL, '', 'Apposition périostée sur la clavicule gauche.', '', 1, 1, 474, 3293, NULL, 0, NULL),
(65761, 'JUG I.046 (JUG.109)', 20, 99, '', 'Indéterminé', '', NULL, NULL, NULL, 'Funeraire', NULL, '', 'Dégradation de la sphère buccale : alvéoles des prémolaires gauches supérieures présentant une parodontose, ayant pour origine probable un kyste, cinq caries profondes, perte de dents ante mortem (prémolaires et molaires inférieures) et maxillaire présentant un aspect criblé. ', '', 1, 1, 475, 3294, NULL, 0, NULL),
(65762, 'Jug I.048 (JUG 111)', 15, 19, '', 'Homme', '', NULL, NULL, NULL, 'Funeraire', NULL, '', '- Synostose calcatalienne bilatérale : bourrelet osseux important au niveau de la surface articulaire médiale. \r\n- Pied gauche : aggravation de la synostose par un ostéophyte dans le prolongement de la tête du talus, formant un bec osseux de 6 mm. \r\n- Fibula gauche : malléole médiale déformée, plus large que celle de l\'os droit. \r\nC\'est une sorte de pied bot, probablement d\'origine congénitale, ayant entrainé un remaniement osseux sous forme d\'exostose à gauche (Charlier 2012, p. 506).', '', 1, 1, 476, 3295, NULL, 0, NULL),
(65763, 'JUG I.049 (JUG 116)', 20, 99, '', 'Homme', '', NULL, NULL, NULL, 'Funeraire', NULL, '', 'Atteintes arthrosiques sur le rachis : ostéophytes sur les bords inférieurs et supérieurs droits des corps vertébraux en vue antérieure. Les trois dernières cervicales sont déformées par une prolifération osseuse, atteignant le processus articulaires supérieurs gauches. \r\n- Ostéophytes : au niveau de l\'extrémité sternale de la clavicule droite et de l\'extrémité distale du métatarse I droit sur la face plantaire.', '', 1, 1, 477, 3296, NULL, 0, NULL),
(65764, 'Jug I.050 (JUG 118)', 20, 99, '', 'Indéterminé', '', NULL, NULL, NULL, 'Funeraire', NULL, '', '- Hyperostose porotique : surfaces porotiques sur le frontal, l\'occipital et le pariétal gauche, accompagnées d\'une déformation de la surface de la table externe et d\'un épaississement du diploé (11 mm pour le frontal). Les sutures crâniennes sont synostosées, nous avons un chevauchement de l\'occipital sur les deux pariétaux et le crâne est hyperbrachycéphale. \r\n- Ostéophyte : vertèbres avec plateaux vertébraux criblés, collerettes sur le bord supérieur des corps vertébraux thoraciques et lombaires, métatarse I droit avec exostose importante sur son extrémité distale en vue plantaire. \r\n- Déformation du radius gauche : distorsion du tiers distal par rapport à l\'axe de l\'os, qui pourrait caractériser une pathologie lors de l\'amélogénèse. ', '', 1, 1, 478, 3297, NULL, 0, NULL),
(65765, 'I.106', 30, 99, '', 'Homme', '', 500, 700, 'Rural', 'Funeraire', 'Standard', '1 inhumation et 3 réductions. Les atteintes invalidantes correspondent à l\'individu inhumé.', 'Insertion très marquée du soléaire (ostéophyte prononcé) ) gauche.\r\nExostose sur la surface articulaire avec le talus gauche (face antéro-inférieure).\r\nOstéophyte sur le radius gauche à l\'insertion du muscle carré pronateur.\r\nArthrose lombaire (ostéophyte sur L4 et L5).', '', 1, 1, 479, 3298, NULL, 0, NULL),
(65766, 'I.107', 30, 99, '', 'Homme', '', NULL, NULL, 'Rural', 'Funeraire', 'Standard', '', 'La 5e lombaire est soudée à la première sacrée. Cette synostose s\'est accompagnée d\'un décalage important, désaxant le rachis à ce niveau. ', '', 1, 1, 480, 3299, NULL, 0, NULL),
(65767, 'S4', 40, 80, '', 'Indéterminé', '', NULL, NULL, 'Rural', 'Funeraire', 'Standard', '', 'chevauchement d\'environ 5 cù', '', 1, 1, 481, 3300, NULL, 0, NULL),
(65768, 'S45', 20, 39, '', 'Homme', '', NULL, NULL, 'Rural', 'Funeraire', 'Standard', '', 'double fracture tibia-fibula avec angulation importante', '', 1, 1, 482, 3301, NULL, 0, NULL),
(65769, 'S52', 60, 80, '', 'Homme', '', NULL, NULL, 'Rural', 'Funeraire', 'Standard', '', 'Clavicule G avec chavauchement (à vérifier si handicapant)', '', 1, 1, 483, 3302, NULL, 0, NULL),
(65771, '104', 30, 99, '', 'Homme', '', 1200, 1499, 'Urbain', 'Funeraire', 'Standard', '', 'Fracture ancienne du col du fémur gauche ayant entrainé le glissement distal de la tête fémorale et la formation d’une cal osseux, ainsi qu’une forte arthrose secondaire de la hanche avec éburnation des surfaces articulaires.', '', 1, 1, 485, 3304, NULL, 0, NULL),
(65772, '205', 30, 99, '', 'Indéterminé', '', 700, 1200, 'Urbain', 'Funeraire', 'Standard', '', 'fracture ancienne de l’arcade orbitaire et du zygomatique gauche avec ligne de fracture encore visible, ayant entrainé le raccourcissement de l’arcade gauche par rapport à la droite et la formation d’un cal osseux. Fracture ancienne de l’extrémité proximale du premier métacarpien droit avec ligne de fracture encore visible, ayant entrainé le raccourcissement de la diaphyse et la formation d’un cal osseux', '', 1, 1, 486, 3305, NULL, 0, NULL),
(65773, '206', 30, 99, '', 'Indéterminé', '', 600, 799, 'Urbain', 'Funeraire', 'Standard', 'sarcophage en plâtre', 'fracture ancienne au niveau des trois côtes droites avec ligne de fracture encore visible, ayant entrainé la formation d’un cal osseux', '', 1, 1, 487, 3306, NULL, 0, NULL),
(65776, 'HEM003', 25, 99, 'Ferembach', 'Femme', 'DSP ', 1824, 1865, 'Rural', 'Funeraire', 'Standard', 'Dépôt secondaire constitué de l\'ensemble du squelette d\'un individu adulte  se situant au niveau le plus bas du premier cimetière communal d\'Aubervilliers ayant fonctionné de 1824 à 1865.  Expertise lors colloque du GALF  Probable poliomyélite', 'Poliomyélite?  Os du membre inférieur gauche atteints, atrophiés par rapport aux os droits ( longueur de 2 à 3 cm plus courte, gracilité, courbure très arquée) et du coxal ( vascularisation de l\'acetabulum, gracilité ) : cas discuté au colloque du GALF à Caen de 2017 ', 'aucun', 2, 1, 490, 3309, NULL, 1, NULL),
(65777, '012', 25, 99, 'Ferembach', 'Femme', 'DSP', 1824, 1865, 'Rural', 'Funeraire', 'Standard', 'commune rurale en cours d\'industrialisation   Expertise Collogue GALF : possible tuberculose  sujet Féminin \r\nCimetière de la Frette premier cimetière communal fonctionnant de 1824 à 1865 ', 'Hyperostosite vertébrale  et tuberculose ischiatique  (Cf expertise Darton)   et colloque GALF', 'alliance en or', 1, 1, 491, 3310, NULL, 1, NULL),
(65782, '499', 14, 16, 'Ferembach', 'Indéterminé', '', 500, 1000, 'Rural', 'Funeraire', 'Standard', 'Cimetière mérovingien et médiéval de l\'église Saint-Genest Une partie seulement des ossements ont été confiés au Service départemental de l\"\'Archéologie (Seine-St-Denis)', 'Fracture ancienne ayant bloqué la croissance de l\'humérus gauche (expertise Charlier sur la base d\'une radiographie) _ Atrophie de l\'humérus gauche de 5cm plus petit que le droit', '', 1, 1, 496, 3315, NULL, 0, NULL),
(65786, '2119', 30, 99, '', 'Homme', '', 500, 699, 'Urbain', 'Funeraire', 'Standard', 'sarcophage en plâtre trapézoïdal', 'L’humérus droit semble avoir reçu un coup par arme blanche en postérieur qui aurait pu entrainer le détachement de la tête humérale. Ce coup a entrainé une section postérieure de la tête humérale et un décollement de cette partie avec un déplacement vers le bas et en dedans. La présence de ponts osseux correspond à l’ossification de l’hématome, le remodelage osseux est important. Dans les conséquences engendrées, il y a également une luxation chronique postérieure sacpulo-humérale et le développement d’une arthrose secondaire majeure d’origine traumatique. On observe un aplanissement de la cavité glénoïde. Le coup porté au niveau de l’épaule droite était oblique, en arrière et en bas.\r\nLe bloc crânio-facial présente également une fracture causée par une arme blanche qui a sectionné l’os. Sont touchés l’os pariétal gauche et l’os frontal (partie gauche) jusque sur l’arcade sourcilière gauche, occasionnant des lésions orbitaires et une cicatrisation complète. A l’intérieur du crâne, on observe une discrète inflammation, des petites exostoses cicatricielles, un aspect d’hyperostose en topographie frontale gauche mais il n’y a pas de signes de surinfection.\r\nCes deux lésions ont donc été causées par une arme blanche tranchante et perforante type épée, à balistique dirigée du haut vers le bas pour le crâne et vers le bas et en dedans pour l’épaule gauche. Il s’agit de deux processus pathologiques traumatiques et une cicatrisation complète est observée. Ces coups ne semblent pas avoir entrainé d’infections, ni la mort.  \r\nUne exostose au niveau scapulaire droit peut être mise en rapport avec un traumatisme direct mais il n’y a pas d’arrachement osseux. \r\nUne fracture de côte ancienne avec un cal de consolidation hyper-trophique est également observée.\r\n', '', 1, 1, 500, 3319, NULL, 0, NULL),
(65787, '2020', 30, 99, '', 'Indéterminé', '', 700, 1199, 'Urbain', 'Funeraire', 'Standard', 'creusement anthropomorphe', 'Aspect caractéristique en « coulée de bougie » visible de la cinquième à la huitième vertèbre thoracique ayant entrainé leur ankylose avec respect de l’espace intervertébral ainsi que l’absence d’ankylose postérieure.', '', 1, 1, 501, 3320, NULL, 0, NULL),
(65788, '62', 30, 99, '', 'Homme', '', 1500, 1699, 'Urbain', 'Funeraire', 'Standard', 'traces de cercueil en bois conservées (bois et clous en fer)', 'Sur ce squelette, une coulée antéro-latérale droite a pu être observée de la sixième à la neuvième vertèbre thoracique. Celle-ci n’a pas entrainé d’ankylose. Par ailleurs, de nombreuses enthésopathies ont pu être observées de façon symétrique, notamment au niveau :\r\n-	de la crête iliaque et de la branche ischio-pubienne des os coxaux ;\r\n-	des épicondyles latéraux des humérus ;\r\n-	des petits et grands trochantères, de la tubérosité glutéale et de la ligne âpre des fémurs ;\r\n-	des patella ;\r\n-	et des calcaneus. \r\n', '7 épingles en fer et 1 en alliage cuivreux.', 1, 1, 502, 3321, NULL, 0, NULL),
(65789, '92', 30, 99, '', 'Homme', '', 1500, 1699, 'Urbain', 'Funeraire', 'Standard', 'traces de cercueil en bois conservées (bois et clous en fer)', 'L’ossification du ligament longitudinal antérieur est nettement visible sur le côté droit de la cinquième à la onzième vertèbre thoracique de cet individu. Celle-ci a entrainé l’ankylose avérée des neuvième et dixième thoraciques, et celle probable de la cinquième à la neuvième (la coulée a été légèrement cassée lors du démontage du squelette). Une coulée antérieure est également nettement visible au niveau des vertèbres cervicales, de la quatrième à la septième, entrainant l’ankylose des cinquième, sixième et septième vertèbres.  Par ailleurs, on notera une forte ossification des cartilages costo-sternaux ainsi que du larynx. Plusieurs enthésopathies ont pu également être observées de façon symétrique comme au niveau des crêtes iliaques, des tubérosités radiales ou des épicondyles latéraux. L’absence des membres inférieurs empêche une observation plus étendue.', '3 épingles en alliage cuivreux.', 1, 1, 503, 3322, NULL, 0, NULL),
(65790, '1205', 30, 99, '', 'Indéterminé', '', 1500, 1699, 'Urbain', 'Funeraire', 'Standard', 'traces de cercueil en bois conservées (bois et clous en fer)', 'Cet individu montre une grosse coulée osseuse sur quasiment l’intégralité de la colonne vertébrale.  Elle est présente sur la face antérieure de la sixième vertèbre cervicale à la première thoracique. Puis, du côté antéro-latéral de la cinquième thoracique à la cinquième vertèbre lombaire. Cette grande coulée a entrainé l’ankylose de plusieurs « tronçons »  du rachis  : \r\n-	des sixième, septième vertèbres cervicales et de la première thoracique ;\r\n-	de la cinquième à la onzième vertèbre thoracique ;\r\n-	de la douzième vertèbre thoracique avec la première vertèbre lombaire ;\r\n-	et de la deuxième à la cinquième vertèbre lombaire. \r\nDe plus,  l’ossification du ligament interépineux a conduit à l’ankylose des processus épineux des cinquième, sixième et septième vertèbres thoraciques. L’ossification des cartilages costo-sternaux et costo-vertébraux a également entrainé l’ankylose au niveau du sternum des quatrième et cinquième côtes droites et gauches (et probablement ceux de la troisième côte gauche) tout comme au niveau du rachis des sixième et neuvième côtes droites. Par ailleurs, tous les cartilages qui constituent le larynx sont totalement ossifiés. On compte également un grand nombre d’enthésopathies symétriques sur les membres supérieurs, au niveau : \r\n-	des humérus sur les tubercules mineurs et majeurs et les épicondyles médiaux et latéraux ;\r\n-	des ulnas sur la face postérieure des olécranes ;\r\n-	des radius sur la tubérosité.\r\n', '', 1, 1, 504, 3323, NULL, 0, NULL),
(65791, '1207', 30, 99, '', 'Homme', '', 1500, 1699, 'Urbain', 'Funeraire', 'Standard', 'traces de cercueil en bois conservées (bois et clous en fer)', 'L’individu 1207 présente une coulée osseuse antéro-latérale le long des corps vertébraux de la huitième à la douzième vertèbres thoraciques ayant entrainé l’ankylose des neuvième et dixième vertèbres. Par ailleurs, de nombreuses enthésopathies périphériques ont été observées de façon symétrique au niveau des épicondyles latéraux des humérus de la tubérosité radiale, du grand et petit trochantère fémoral ainsi que de la ligne âpre, de la tubérosité tibiale et de la face postèrieure du calcaneus. On notera également la forte ossification du ligament jaune et des crêtes iliaques.', 'Epingles en alliage cuivreux dont 2 en place et 1 dans le comblement.', 1, 1, 505, 3324, NULL, 0, NULL),
(65792, '1226', 30, 99, '', 'Femme', '', 1500, 1699, 'Urbain', 'Funeraire', 'Standard', '', 'Une coulée osseuse latérale droite est présente de la septième à la onzième vertèbre thoracique de ce sujet. Elle n’a pas entrainé d’ankylose. De plus, le ligament jaune est ossifié et des enthésopathies sont visibles de façon bilatérale et symétrique au niveau des crêtes iliaques et des tubérosités ischiatiques. En revanche, la mauvaise représentation du squelette ne permet pas d’observer de façon symétrique les enthésopathies sur le squelette appendiculaire.', '', 1, 1, 506, 3325, NULL, 0, NULL),
(65793, '2004', 30, 99, '', 'Homme', '', 1500, 1699, 'Urbain', 'Funeraire', 'Standard', 'traces de cercueil en bois conservées (bois et clous en fer)', 'Le rachis de l’individu 2004 présente une ossification du ligament longitudinal antérieur du côté droit ayant entrainé l’ankylose de la septième à la douzième vertèbre thoracique. Une autre coulée osseuse antéro-latérale droite est visible sur les cinquième et sixième vertèbres cervicales, mais celle-ci n’a pas entrainé d’ankylose. L’espace intervertébral est respecté et il n’y a pas d’ankylose postérieure (fig.10). \r\nPar ailleurs, on notera l’ossification des cartilages costo-sternaux et du larynx, ainsi que de nombreuses enthésopathies sur les os coxaux (crête iliaque, tubérosité isciatique et branche ischio-pubienne) et l’absence d’une sacro-iliite. Plusieurs autres enthésopathies ont pu être observées de manière symétrique sur le squelette appendiculaire au niveau : \r\n-	des épicondyles latéraux et médiaux ; \r\n-	de la tubérosité radiale ; \r\n-	de l’olécrâne ; \r\n-	des grands et petits trochantères, de la ligne âpre ; \r\n-	de la patella ; \r\n-	de la tubérosité tibiale ;\r\n-	du calcaneus.\r\n', '6 épingles en alliage cuivreux', 1, 1, 507, 3326, NULL, 0, NULL),
(65794, '1027', 40, 99, '', 'Homme', '', 1700, 1799, 'Urbain', 'Funeraire', 'Standard', 'traces de cercueil (bois et clous en fer)', 'Chez cet individu, une grande coulée osseuse est présente sur la face antérieure de la septième vertèbre cervicale et de la première thoracique, puis du côté antéo-latéral entre la troisième et la onzième vertèbre thoracique ayant entrainé l’ankylose de la dixième et onzième thoraciques. L’espace intervébral est respecté et il n’y a pas d’ankylose postérieure ni de sacro-iliite.\r\nEn revanche, on notera l’ossification du ligament jaune, ainsi que la présence de nombreuses enthésopathies sur les os coxaux (crête iliaque, tubérosité isciatique et ligament sacro-iliaque).  Plusieurs autres enthésopathies ont pu être observées de manière symétrique sur le squelette appendiculaire au niveau : \r\n-	des épicondyles médiaux ;\r\n-	de la tubérosité radiale ;\r\n-	de l’olécrâne ;\r\n-	des grands et petis trochantères, de la ligne âpre ;\r\n-	de la tubérosité tibiale ;\r\n-	du calcaneus.\r\n', 'un bouton, 2 épingles en alliage cuivreux et 2 épingles en fer', 1, 1, 508, 3327, NULL, 0, NULL),
(65795, '1032', 40, 99, '', 'Femme', '', 1700, 1799, 'Urbain', 'Funeraire', 'Standard', 'traces de cercueil (bois et clous en fer)', 'Une coulée osseuse antéro-latérale, sans ankylose, est visible de la septième à la dixième vertèbre thoracique de ce sujet (fig.10). L’ossification du ligament jaune est importante tout comme celle du cartilage costo-sternal des premières côtes droites et gauches. Peu d’enthésopathies périphériques sont visibles de façon symétrique à part sur les calcaneus et les fémurs (grand et petit trochantère, ligne âpre).', '', 1, 1, 509, 3328, NULL, 0, NULL),
(65796, '1126', 40, 99, '', 'Femme', '', 1700, 1799, 'Urbain', 'Funeraire', 'Standard', 'traces de cercueil (bois et clous en fer)', 'L’ossification du ligament longitudinal est visible sur le côté droit de la septième à la onzième vertèbre thoracique de l’individu 1126. De plus, une coulée osseuse antéro-latérale gauche est visible sur la cinquième vertèbre cervicale et ainsi qu’entre la deuxième et la troisième vertèbre lombaire. Aucune de ces coulées osseuses n’a pas entrainé d’ankylose. En revanche, on note l’ossification du ligament jaune de la quatrième vertèbre thoracique à la deuxième lombaire, ainsi que celle des cartilages costo-sternaux au niveau des premières côtes. Par ailleurs, plusieurs enthésopathies ont pu être observées de façon symétrique, notamment au niveau : \r\n-	de la patella ;\r\n-	de la tubérosité tibiale ;\r\n-	du calcaneus ;\r\n-	des grands et petits trochantères, ainsi que de la ligne âpre ;\r\n-	de la crête iliaque, de la tubérosité ischiatique ; \r\n-	de l’épicondyle latéral ; \r\n-	de la tubérosité radiale.\r\n', '7 épingles en alliage cuivreux\r\n1 perle de chapelet', 1, 1, 510, 3329, NULL, 0, NULL),
(65797, '136', 30, 99, '', 'Homme', '', 700, 1199, 'Urbain', 'Funeraire', 'Standard', '', 'Une ostéomyélite chronique bilatérale est visible au niveau du tiers distal des deux tibias', '', 1, 1, 511, 3330, NULL, 0, NULL),
(65798, '1152', 30, 99, '', 'Indéterminé', '', 700, 1199, 'Urbain', 'Funeraire', 'Standard', '', 'Une fracture du col huméral gauche est visible. On observe une ossification mutilante des filets musculaires sanglants. Une arthrose secondaire s’est par ailleurs développée au niveau de l’articulation scapulo-humérale.\r\nOn note également une nécrose infectieuse importante du maxillaire.', '', 1, 1, 512, 3331, NULL, 0, NULL),
(65799, '75', 30, 99, '', 'Femme', '', 1200, 1499, 'Urbain', 'Funeraire', 'Standard', '', 'Le fémur gauche présente une fracture diaphysaire, elle occupe le tiers moyen. Elle est ancienne, consolidée mais également déplacée : engrainée en baïonnette (Fig.122). Elle a totalement cicatrisée mais a entrainé des troubles de la circulation sanguine en partie distale. Une stase lymphatique et veineuse est visible au niveau du fragment distal alors qu’elle ne l’est pas en partie proximale. Elle revêt un aspect peigné (périostite) et des exostoses en rapport avec la cicatrisation. Un raccourcissement des membres est également perceptible. La perte de hauteur est de 7 cm. ', '', 1, 1, 513, 3332, NULL, 0, NULL),
(65800, '131', 30, 99, '', 'Indéterminé', '', 1200, 1499, 'Urbain', 'Funeraire', 'Standard', '', 'Le fémur droit présente une ostéite déformante de sa diaphyse dans sa moitié de partie distale. On constate une hyper production d\'os anormale ayant entrainé une modification de la taille et de la forme de la moitié distale de la diaphyse.', '', 1, 1, 514, 3333, NULL, 0, NULL),
(65801, '2002', 30, 99, '', 'Homme', '', 1500, 1699, 'Urbain', 'Funeraire', 'Standard', '', 'fracture en baïonnette du tibia et de la fibula gauche, avec formation d\'un cal \"viscieux\" qui semble avoir entrainé une ostéomyélite au niveau du tibia et un raccourcissement net de la longueur des deux ossements.', '', 1, 1, 515, 3334, NULL, 0, NULL),
(65803, '2066', 30, 99, '', 'Homme', '', 1500, 1699, 'Urbain', 'Funeraire', 'Standard', '', 'incurvation des os longs des membres inférieurs, surtout au niveau du fémur droit et du tibia et de la fibula gauche, accompagnée d\'une très forte scoliose. La colonne vertébrale présentant de nombreux tassement vertébraux. VT12, VL1 et VL2 présentent des corps vertébraux avec tassement latéral droit et soudées au niveau de leurs arcs postérieurs.', '', 1, 1, 517, 3336, NULL, 0, NULL),
(65804, '2094', 30, 99, '', 'Indéterminé', '', 1500, 1699, 'Urbain', 'Funeraire', 'Standard', '', 'incurvation des os longs des membres inférieurs. Les fémurs sont arqués vers l\'extérieur et les tibias sont arqués vers l\'intérieur. L\'absence de la moitié supérieur du squelette nous prive ici de l\'observation du rachis. il est alors difficile de savoir si cet un individu est atteint d\'ostéomalacie.', '', 1, 1, 518, 3337, NULL, 0, NULL),
(65805, '1199', 30, 99, '', 'Femme', '', 1500, 1699, 'Urbain', 'Funeraire', 'Standard', '', 'La cheville droite montre une fracture-luxation. Un pont osseux est visible entre l’extrémité distale fubulaire et l’extrémité distale tibiale. Le talus est en luxation et le pied se trouve sur le côté et vers l’avant. Le pied est donc luxé en dedans et en équin (en rotation interne), à 90°. Cela donne un pied-bot acquis. Il pourrait s’agit d’une fracture ou entorse de la cheville qui n’a pas été réduite. On observe que le sacrum est soudé à l’os coxal gauche. Il ne semble pas s’agir d’un traumatisme sacro-iliaque mais il est possible que ce soit une conséquence du pied-bot acquis.', '', 1, 1, 519, 3338, NULL, 0, NULL),
(65806, '1021', 30, 99, '', 'Homme', '', 1700, 1799, 'Urbain', 'Funeraire', 'Standard', '', 'fracture ancienne du corps de la scapula gauche, sous glénoïdienne. La  consolidation est complète mais présente des foyers d’ossification exubérants ou des absences de matière osseuse . ', '', 1, 1, 520, 3339, NULL, 0, NULL),
(65807, 'B21', 30, 80, '', 'Femme', '', 1500, 1750, 'Rural', 'Funeraire', 'Standard', '', 'Dislocation de la hanche G', '', 1, 1, 521, 3340, NULL, 0, NULL),
(65808, 'B28', 30, 80, '', 'Indéterminé', '', 1500, 1750, 'Rural', 'Funeraire', 'Standard', '', 'Dislocation de la hanche G avec arthrose sévère sur articulation coxo-fémotale D', '', 1, 1, 522, 3341, NULL, 0, NULL),
(65809, 'B30', 8, 14, '', 'Indéterminé', '', 1500, 1750, 'Rural', 'Funeraire', 'Standard', '', 'Dislocation de la hanche D', '', 1, 1, 523, 3342, NULL, 0, NULL),
(65817, 'super_handicap', NULL, NULL, '', 'Indéterminé', '', NULL, NULL, NULL, NULL, NULL, '', '', '', -1, -1, 861, 3633, NULL, 0, NULL),
(65818, '5', 20, 29, '', 'Femme', '', 500, 1000, 'Urbain', 'Funeraire', 'Standard', '', 'amputation cicatrisée du pied droit et du dernier tiers du membre inférieur droit, cicatrisation de la plaie par l\'ossification des deux os.\r\nArthrose VL\r\nCribra fémori à droite\r\n', '', 1, 1, 862, 3634, NULL, 0, NULL),
(65819, '10', 30, 59, '', 'Homme', '', 500, 1000, 'Urbain', 'Funeraire', 'Standard', '', 'Déformation considérable de l\'extrémité distale de l\'humérus et des extrémités proximales des os de l\'avant-bras : zone d\'éburnation sur l\'extrémité distale du radius et l\'épicondyle latéral de l\'humérus. Pour l\'ulna, un processus artificiel exubérant peut être diagnostiqué comme de la myosite ossifiante. l\'importance de ce processus cicatriciel bloque l\'amplitude du coude qu\'entre 60° et 160° de la flexion de l\'avant-bras. l\'ensemble des lésions et l\'intensité des séquelles évoquent un traumatisme sévère tel qu\'une entorse. Le coude , mal immobilisé, a sans doute été utilisé de manière répétée jusqu\'au développement d\'une importante arthrose secondaire.\r\nEnthésopathie des patella et des calcaneus\r\nséquelle d\'entorse sur la cheville gauche\r\nOstéome sur le crâne', '', 1, 1, 863, 3635, NULL, 0, NULL),
(65820, '26', 20, 30, '', 'Femme', '', 500, 1000, 'Urbain', 'Funeraire', 'Standard', '', 'complication post-traumatique observée sur les membres supérieurs et inférieurs : des périostites bilatérales sont observées sous la forme d\'appositions osseuses avec un aspect soufflé des os sur ls tiers inférieurs des os des avant-bras et des jambes. Ce processus inflammatoire s\'est développé en réaction à un ou plusieurs traumatismes et vraisemblablement couplé à une activité avec des gestes répétitifs.\r\nnodules de Schmorl (VT, VL, sacrum), hypoplasies de l\'émail dentaire\r\n', '', 1, 1, 864, 3636, NULL, 0, NULL),
(65821, '40', 30, 59, '', 'Homme', '', 500, 1000, 'Urbain', 'Funeraire', 'Standard', '', 'Spina bifida entière du vertèbres du sacrum\r\narthrose généralisée sur l\'ensemble du rachis et des os coxaux\r\nlésions serpigineuses dans le crâne\r\nCribra orbitalia des deux côtés\r\nenthésopathie sur  clavicules, fibula D et talons d\'Achille', '', 1, 1, 865, 3637, NULL, 0, NULL),
(65822, '56', 30, 59, '', 'Homme', '', 500, 1000, 'Urbain', 'Funeraire', 'Standard', '', 'Spina bifida entière du vertèbres du sacrum\r\narthrose généralisée sur l\'ensemble du rachis, des os coxaux, des mains, des côtes, des clavicules, du sternum\r\nenthésopathie sur  clavicules, avant-bras\r\nNodules de schmorl (VT)\r\nréaction périostées sur la tibia et fibula droits\r\nTraces de violence interpersonnelle sur la face postérieure de l\'humérus et de l\'acromion de la scapula gauches', 'éléments d\'un ceinturon en fer : boucle avec plaque', 1, 1, 866, 3638, NULL, 0, NULL),
(65823, 'BOX I.001', 25, 99, '', 'Homme', '', 390, 540, 'Rural', 'Funeraire', 'Standard', 'appartient à une nécropole GR/mero fouillée aussi en 2005-2006', 'Il présente trois fractures. La première se situe au niveau du\r\ntiers distal des os des jambes. En effet, le tibia et la fibula sont fracturés. L’extrémité distale du tibia s’est décalée\r\nlatéralement alors que la fibula s’est déportée postérieurement. Le cal osseux est très volumineux, du fait du décalage\r\ncrâniale de ces deux ossements. Ce membre inférieur est donc raccourci et est plus petit de 6,2 cm. La seconde fracture\r\nest localisée sur l’ulna, juste en dessous du centre de la diaphyse. Le radius n’a pas été atteint. Cependant, ce dernier\r\nprésente une facette d’éburnation en regard avec l’humérus. Cette facette est vraisemblablement a mettre en relation\r\navec la fracture de l’avant-bras et des complications survenues. La troisième fracture se situe au niveau de l’extrémité\r\nacromiale de la clavicule gauche. Le cal osseux est important et la longueur de l’os est amoindri eu égard à la droite.', '', 1, 1, 867, 3639, NULL, 0, NULL),
(65824, '7', 5, 9, '', 'Indéterminé', '', 500, 1000, 'Urbain', 'Funeraire', 'Standard', '', 'lésions serpigineuses endocraniennes\r\nHypervascularisation des corps vertébraux\r\nhypoplasies de l\'émail dentaire, cribra orbitalia droite', '', 1, 1, 868, 3640, NULL, 0, NULL),
(65825, '11', 60, 99, '', 'Femme', '', 500, 1000, 'Urbain', 'Funeraire', 'Standard', '', 'arthrose généralisée sur le rachis\r\ncribra orbitalia des deux côtés\r\nostéome sur le crâne', '', 1, 1, 869, 3641, NULL, 0, NULL),
(65826, '13', 30, 59, '', 'Femme', '', 500, 1000, 'Urbain', 'Funeraire', 'Standard', '', 'arthrose généralisée sur le rachis, sur les deux coudes, sur les clavicules, sur les côtes, sur les os coxaux\r\nenthésopathie des avant-bras, talons d\'achille\r\nséquelles d\'entorse sur les deux chevilles\r\ncribra orbitalia des deux côtés\r\nnodules de schmorl (VT, VL)\r\n\r\n', '', 1, 1, 870, 3642, NULL, 0, NULL),
(65827, '14', 30, 59, '', 'Homme', '', 500, 1000, 'Urbain', 'Funeraire', 'Standard', '', 'arthrose du pied gauche, enthésopathie calcaneus\r\npossible osteo-chondrite dissécante du talus gauche (diagnostic à confirmer)', '', 1, 1, 871, 3643, NULL, 0, NULL),
(65828, '17', 1, 4, '', 'Indéterminé', '', 500, 1000, 'Urbain', 'Funeraire', 'Standard', '', 'Lésions serpigineuses du crâne\r\nréaction périostée sur la mandibule\r\nHypervascularisation des corps vertébraux\r\nCribra orbitalia des deux côtés', '', 1, 1, 872, 3644, NULL, 0, NULL),
(65829, '21', 5, 9, '', 'Indéterminé', '', 500, 1000, 'Urbain', 'Funeraire', 'Standard', '', 'Lésions serpigineuses du crâne\r\nHypervascularisation des corps vertébraux\r\nCribra fémoris des deux côtés', '', 1, 1, 873, 3645, NULL, 0, NULL),
(65830, '25', 60, 99, '', 'Femme', '', 500, 1000, 'Urbain', 'Funeraire', 'Standard', '', 'Arthrose généralisée du rachis, des côtes, de l\'épaule et de la main droite, des clavicules, des os coxaux\r\nenthésopathie des patella et des calcanéus\r\nséquelles d\'entorses sur les deux chevilles\r\ncribra orbitalia à gauche, cribra femori des deux côtés\r\ndéhiscence de la quatrième vertèbre sacrée\r\n', '', 1, 1, 874, 3646, NULL, 0, NULL),
(65831, '27', 5, 9, '', 'Indéterminé', '', 500, 1000, 'Urbain', 'Funeraire', 'Standard', '', 'Lésions serpigineuses endocrâniennes\r\nHypervascularisation des corps vertébraux\r\nCribra fémoris des deux côtés, cribra orbitalia à gauche\r\n\r\n\r\n', '', 1, 1, 875, 3647, NULL, 0, NULL),
(65833, '29', 1, 4, '', 'Indéterminé', '', 500, 1000, 'Urbain', 'Funeraire', 'Standard', '', 'Lésions serpigineuses endocrâniennes\r\nHypervascularisation des corps vertébraux\r\nCribra orbitalia et femori des deux côtés', '', 1, 1, 877, 3649, NULL, 0, NULL),
(65832, '28', 30, 59, '', 'Femme', '', 500, 1000, 'Urbain', 'Funeraire', 'Standard', '', 'Arthrose généralisée du rachos, des côtes\r\ncribra orbitalia à droite\r\n', '', 1, 1, 876, 3648, NULL, 0, NULL),
(65834, '32', 30, 59, '', 'Femme', '', 500, 1000, 'Urbain', 'Funeraire', 'Standard', '', 'Arthrose du rachis (VC, VL), des pieds\r\nHypoplasies de l\'émail dentaire\r\nNodules de Schmorl (VL)\r\n', '', 1, 2, 878, 3650, NULL, 0, NULL),
(65835, '34', 5, 9, '', 'Indéterminé', '', 500, 1000, 'Urbain', 'Funeraire', 'Standard', '', 'Lésions serpigineuses endocrâniennes\r\nHypervacularisation des corps vertébraux\r\nHypoplasies de l\'émail dentaire\r\ncribra orbitalia à gauche, cribra fémori des deux côtés\r\n', '', 1, 1, 879, 3651, NULL, 0, NULL),
(65836, '35', 1, 4, '', 'Indéterminé', '', 500, 1000, 'Urbain', 'Funeraire', 'Standard', '', 'Lésions serpigineuses endocrâniennes\r\ncribra orbitalia et femori des deux côtés', '', 1, 1, 880, 3652, NULL, 0, NULL),
(65837, '36', 5, 9, '', 'Indéterminé', '', 500, 1000, 'Urbain', 'Funeraire', 'Standard', '', 'Lésions serpigineuses endocrâniennes\r\nHypervascularisation des corps vertébraux\r\nréactions périostées sur les tibias\r\ncribra femori des deux côtés', '', 1, 1, 881, 3653, NULL, 0, NULL),
(65838, '39', 30, 59, '', 'Homme', '', 500, 1000, 'Urbain', 'Funeraire', 'Standard', '', 'Arthrose généralisée du rachis, des côtes, de l\'épaule droite, des ulna, des patella,\r\nEnthésopathie des genoux\r\nHypoplasies de l\'émail dentaire, cribra fémori des deux côtés\r\nNodules de Schmorl (VT, VL)', '', 1, 1, 882, 3654, NULL, 0, NULL),
(65839, '41', 30, 59, '', 'Femme', '', 500, 1000, 'Urbain', 'Funeraire', 'Standard', '', 'Arthrose généralisée du rachis, des côtes\r\nEnthésopathie des calcanéus\r\nHypoplasies de l\'émail dentaire, cribra orbitalia des deux côtés\r\n\r\n\r\n', '', 1, 1, 883, 3655, NULL, 0, NULL),
(65841, '45', 20, 29, '', 'Homme', '', 500, 1000, 'Urbain', 'Funeraire', 'Standard', '', 'Arthrose VC, VT\r\nEnthésopathie du genou gauche\r\nCribra orbitalia des deux côtés\r\nréactions périostées sur les membres inférieurs', '', 1, 1, 885, 3657, NULL, 0, NULL),
(65840, '44', 30, 59, '', 'Femme', '', 500, 1000, 'Urbain', 'Funeraire', 'Standard', '', 'Arthrose généralisée du rachis, des côtes, des os coxaux, du pied gauche\r\nEnthésopathie des genoux, des calcaneus\r\nCribra humeri des deux côtés\r\nNodules de Schmorl (VT, VL)\r\nLésions serpigineuses endocrâniennes', '', 1, 1, 884, 3656, NULL, 0, NULL),
(65842, '46', 30, 59, '', 'Femme', '', 500, 1000, 'Urbain', 'Funeraire', 'Standard', '', 'Arthrose généralisée rachis (VT, VL)\r\nfracture ulna droite\r\nréaction périostée sur la mandibule\r\n', '', 1, 1, 886, 3658, NULL, 0, NULL),
(65843, '48', 30, 59, '', 'Homme', '', 500, 1000, 'Urbain', 'Funeraire', 'Standard', '', 'Arthrose généralisée du rachis et des côtes, de l\'épaule droite, des coudes, de la main droite, des os coxaux, des chevilles\r\nEnthésopathie des chevilles\r\nRéactions périostées sur les tibias\r\nNodules de Schmorl (VT)\r\n', '', 1, 1, 887, 3659, NULL, 0, NULL)
ON DUPLICATE KEY UPDATE id=id;
INSERT INTO `sujet_handicape` (`id`, `id_sujet_handicape`, `age_min`, `age_max`, `age_methode`, `sexe`, `sexe_methode`, `dating_min`, `dating_max`, `milieu_vie`, `contexte`, `contexte_normatif`, `comment_contexte`, `comment_diagnostic`, `description_mobilier`, `id_type_depot`, `id_sepulture`, `id_depot`, `id_groupe_sujets`, `date_ajout`, `complet`, `donnees_genetiques`) VALUES
(65844, '54', 60, 99, '', 'Femme', '', 500, 1000, 'Urbain', 'Funeraire', 'Standard', '', 'Arthrose généralisée sur le rachis et les côtes, sur l\'épaule droite\r\nEnthésopathie des calcanéus\r\nFracture de l\'ulna droite\r\nOstéome sur le crâne\r\nNodules de Schmorl (VT)\r\nCribra orbitalia à droite\r\n', '', 1, 1, 888, 3660, NULL, 0, NULL),
(65845, '55', 30, 59, '', 'Femme', '', 500, 1000, 'Urbain', 'Funeraire', 'Standard', '', 'Arthrose généralisée du rachis et des côtes, de la clavicule droite, des mains, du pied droit\r\nEnthésopathie des patella et des calcanéus\r\nfracture d\'une côte gauche, \r\nRéactions périostées tibia et fibula gauches\r\n', '', 1, 1, 889, 3661, NULL, 0, NULL),
(65846, '63', 5, 9, '', 'Indéterminé', '', 500, 1000, 'Urbain', 'Funeraire', 'Standard', '', 'Lésions serpigineuses endocrâniennes\r\nHypervascularisation des corps vertébraux\r\nCribra fémori des deux côtés', '', 1, 1, 890, 3662, NULL, 0, NULL),
(65847, '100', 30, 59, '', 'Femme', '', 500, 1000, 'Urbain', 'Funeraire', 'Standard', '', 'Arthrose généralisée du rachis et des côtes, des os coxaux\r\nfusion sacro-iliaque droite\r\nEnthésopathie des clavicules, ', '', 1, 1, 891, 3663, NULL, 0, NULL),
(65848, '16404', 15, 19, '', 'Homme', '', 500, 1000, 'Rural', 'Funeraire', 'Standard', '', 'Spina bifida occulta sacrum\r\nNodules de Schmorl VT\r\nHypoplasies de l\'émail dentaire\r\nEnthésopathie des clavicules et des humérurs\r\nHypoplasies de l\'émail dentaire', '', 1, 1, 892, 3664, NULL, 0, NULL),
(65849, '16117', 30, 49, '', 'Homme', '', 500, 1000, 'Rural', 'Funeraire', 'Standard', '', 'Fusion atlanto-occipitale\r\nNodules de Schmorl VT, VL\r\nCoup sur le fémur droit (bosse)\r\nEnthésopathie des clavicules\r\n', '', 1, 1, 893, 3665, NULL, 0, NULL),
(65850, '16095', 10, 14, '', 'Indéterminé', '', 500, 1000, 'Rural', 'Funeraire', 'Standard', '', 'luxation atlas, fusion C3/C4\r\nEnthésopathie des clavicules', '', 1, 1, 894, 3666, NULL, 0, NULL),
(65851, 'poisson', NULL, NULL, '', 'Indéterminé', '', NULL, NULL, NULL, NULL, NULL, '', '', '', -1, -1, 895, 3667, NULL, 0, NULL),
(65852, 'I.035', 25, 99, 'Ferembach', 'Homme', 'Bruzek', 1100, 1500, 'Rural', 'Funeraire', 'Standard', 'sépulture I.035 PDL063 de Bondy, atteinte du coxal et fémur droit d\'un sujet adulte masculin, Moyen Age Classique . Diagnostic sur photos convergents : arthrite septique', 'Diagnostics convergents d\'une arthrite septique: Nécrose de la tête fémorale droite et coxa vara du coxal;importantes surfaces d\'éburnation   perforation de l\'acetabulum, réactions périostées importantes au niveau de l\'ischion avec perthuis (inflammation)  grosse perforation de l\'acetabulum évoquant une coxalgie', '', 1, 1, 896, 3668, NULL, 1, NULL),
(65853, 'UEA 008', 25, 99, 'Ferembach', 'Indéterminé', '', 1100, 1500, 'Rural', 'Funeraire', 'Standard', 'Fracture mal réduite sur ulna gauche sujet adulte cimetière paroissial de Bondy  dans une UEA PDL008', 'Ostéophyte débordant au niveau de l\'olécrane d\'un ulna gauche adulte. Remaniement osseux sur le tout le quart supérieur de la diaphyse ', '', 2, -1, 897, 3669, NULL, 1, NULL),
(65854, 'UEA PDL013', 25, 99, 'Ferembach', 'Indéterminé', '', 1100, 1500, 'Rural', 'Funeraire', 'Standard', 'diaphyse fémorale non latéralisée d\'un sujet adulte issu du cimetière paroissial de Bondy ', 'diaphyse fémorale périostée avec déformation volumique importante, épaississement de la corticale, atteinte périostée sur la diaphyse avec gloaque (diagnostic à préciser)', 'aucun', 3, -1, 898, 3670, NULL, 1, NULL),
(65855, 'I.028 PDL054', 25, 99, 'Ferembach', 'Homme', 'Bruzek', 1100, 1500, 'Rural', 'Funeraire', 'Standard', 'Sujet adulte du cimetière paroissial de Bondy présentant pathologie au niveau des thoraciques 11 et 12 et de la 1ere lombaire  et sur au moins deux côtes ', 'Expertise F.Boursier :Ecrasement des corps vertébraux vers l\'avant, soudure totale des processus épineux des thoraciques; fissure transversale du plateau vertébral de T 11  avec remaniement compensatoire, possible réaction inflammatoire)   Deux côtes fracturées?', '', 1, 1, 899, 3671, NULL, 1, NULL),
(65856, 'I.022 PDL045', 20, 24, 'Ferembach', 'Homme', 'DSP', 1500, 1800, 'Rural', 'Funeraire', 'Standard', 'Sujet adulte jeune masculin, très mal conservé du fait de nombreux recoupements avec deux autres sepultures partie moderne du cimetière paroissial de Bondy C14 1539-1635  Spina bifida', 'spina bifida', '', 1, 1, 900, 3672, NULL, 1, NULL),
(65858, 'I.023 (PDL046)', 25, 99, 'Ferembach', 'Indéterminé', '', 1100, 1500, 'Rural', 'Funeraire', 'Standard', 'Sépulture primaire réutilisant ou recoupant un sarcophage : squelette très peu conservé:: Fracture mal réduite scapula droite sujet adulte Cimetière paroissial de Bondy', 'importante collerette ostéophytes sur le bord inférieur gauche de la cavité glénoïdale, surface osseuse remaniée avec perthuis (réaction inflamatoire)\r\nDiagnostic non confirmé par spécialiste', '', 1, 1, 902, 3674, '2022-03-15', 1, NULL),
(65865, 'delete', NULL, NULL, '', 'Indéterminé', '', NULL, NULL, NULL, NULL, NULL, '', '', '', -1, -1, 909, 3681, '2022-03-16', 0, NULL),
(65866, 'fqsd', NULL, NULL, '', 'Indéterminé', '', NULL, NULL, NULL, NULL, NULL, '', '', '', -1, -1, 910, 3682, '2022-03-16', 0, NULL),
(65867, '1', NULL, NULL, '', 'Indéterminé', '', NULL, NULL, NULL, NULL, NULL, '', '', '', -1, -1, 911, 3683, '2022-03-17', 0, NULL),
(65868, '3', NULL, NULL, '', 'Indéterminé', '', NULL, NULL, NULL, NULL, NULL, '', '', '', -1, -1, 912, 3684, '2022-03-17', 0, NULL),
(65869, '11', 30, 40, '', 'Homme', '', NULL, NULL, NULL, NULL, 'Standard', 'Paget', 'http://dolia.inrap.fr/flora/ark:/64298/0160262', '', 1, 1, 913, 3685, '2022-03-17', 0, NULL),
(65870, '108', 50, 65, '', 'Femme', '', NULL, NULL, NULL, NULL, 'Standard', 'Paget', 'gonarthrose latérale débutante', '', 1, 1, 914, 3686, '2022-03-17', 0, NULL),
(65874, 'n', NULL, NULL, '', 'Indéterminé', '', NULL, NULL, NULL, NULL, NULL, '', '', '', -1, -1, 918, 3690, '2022-03-18', 0, NULL),
(65875, 'n', NULL, NULL, '', 'Indéterminé', '', NULL, NULL, NULL, NULL, NULL, '', '', '', -1, -1, 919, 3691, '2022-03-18', 0, NULL),
(65876, 'gfd', NULL, NULL, '', 'Indéterminé', '', NULL, NULL, NULL, NULL, NULL, '', '', '', -1, -1, 920, 3692, '2022-03-18', 0, NULL),
(65877, 'fvsdv', NULL, NULL, '', 'Indéterminé', '', NULL, NULL, NULL, NULL, NULL, '', '', '', -1, -1, 921, 3693, '2022-03-18', 0, NULL),
(65879, '154', 20, 99, '', 'Homme', '', -50, 500, NULL, 'Funeraire', 'Standard', '', 'double fracture tibia fibula g + infection', 'chaussures et applique bz', 1, 1, 923, 3695, '2022-03-23', 0, NULL),
(65880, '139', 20, 99, '', 'Indéterminé', '', -50, 500, NULL, 'Funeraire', 'Standard', '', 'maladie de Legg-Perthes-Calvé\r\nnécrose bilatérale hanches et têtes fémorales', 'chaussures', 1, 1, 924, 3696, '2022-03-23', 0, NULL),
(65881, '133', 20, 99, '', 'Indéterminé', '', -50, 500, NULL, 'Funeraire', 'Standard', '', 'fracture clavicule d + infection', 'chaussures', 1, 1, 925, 3697, '2022-03-23', 0, NULL),
(65882, '127', 30, 99, '', 'Homme', '', -50, 500, NULL, 'Funeraire', 'Standard', '', 'perforation bilatérale occipital  :  variation anatomique? \r\nfracture scapula d', '', 1, 1, 926, 3698, '2022-03-23', 0, NULL)
ON DUPLICATE KEY UPDATE id=id;

-- --------------------------------------------------------

--
-- Dumping data for table `sujet_image`
--

INSERT INTO `sujet_image` (`id_sujet`, `url_img`) VALUES
(65231, 'https://api.nakala.fr/data/10.34847/nkl.ffb87e79/f7657240a09085b8584f97b2c87d17850c4d0d81'),
(65231, 'https://api.nakala.fr/data/10.34847/nkl.ffb87e79/ff6d9333a7915a76de891495a1f7ced8365865e3'),
(65712, 'https://api.nakala.fr/data/10.34847/nkl.cdfa7nc2/399c038d40d26a906b8699cdb4992edcbb10f1c2'),
(65712, 'https://api.nakala.fr/data/10.34847/nkl.cdfa7nc2/e87e5ed8519ac6535d1a97ceb11a8fec7379e050'),
(65712, 'https://api.nakala.fr/data/10.34847/nkl.cdfa7nc2/f28fa262eb8296e82cdd2d6200ab80409cbc5e98'),
(65715, 'https://api.nakala.fr/data/10.34847/nkl.708azr3w/000d8dce148f09c2b48ce06bb685965574d5377c'),
(65715, 'https://api.nakala.fr/data/10.34847/nkl.708azr3w/14a2355caf7a32cc549ce72d0c326ba38b46e215'),
(65715, 'https://api.nakala.fr/data/10.34847/nkl.708azr3w/a85a7f467bbe1420df1d9472a86ab67b41102b42'),
(65715, 'https://api.nakala.fr/data/10.34847/nkl.708azr3w/bf1def6353a6709a5445be0dd52d6dc0445ea0bd'),
(65716, 'https://api.nakala.fr/data/10.34847/nkl.da0835lv/6a497bf47016d54e127d7fc99d38b2fab431d6bb'),
(65716, 'https://api.nakala.fr/data/10.34847/nkl.da0835lv/6ec88c309087c91c4011ab3a4e62489a8eeff66f'),
(65716, 'https://api.nakala.fr/data/10.34847/nkl.da0835lv/896f8d0da6f28b26b96a90f302e531c7ca9537aa'),
(65716, 'https://api.nakala.fr/data/10.34847/nkl.da0835lv/dcd2492aca65635a5f6481ad6913bfbf24b85ebe'),
(65717, 'https://api.nakala.fr/data/10.34847/nkl.766317sp/1bc1cae39db084ed4dac2d6c702cdb4585b4c455'),
(65717, 'https://api.nakala.fr/data/10.34847/nkl.766317sp/22071dc52e7643fe9ef64811543e79e637f5988a'),
(65717, 'https://api.nakala.fr/data/10.34847/nkl.766317sp/f3724104dbd361f0edb352b5e7ef89c831ff84a4'),
(65718, 'https://api.nakala.fr/data/10.34847/nkl.df3f0j63/7c9fce6be33f3321ca4b3598b0240495f7e750e2'),
(65718, 'https://api.nakala.fr/data/10.34847/nkl.df3f0j63/d476815eba5e07541c726891154a74c455608931'),
(65718, 'https://api.nakala.fr/data/10.34847/nkl.df3f0j63/e38bfaf60c7f6557758bc66acf747f6712b60146'),
(65719, 'https://api.nakala.fr/data/10.34847/nkl.3c2d6hnq/1c558daa9fa22b431aedfd3f72519b11d0d0e1d2'),
(65719, 'https://api.nakala.fr/data/10.34847/nkl.3c2d6hnq/2403cf4b34f13d2ed7aeaf222d8d305c537b2b63'),
(65719, 'https://api.nakala.fr/data/10.34847/nkl.3c2d6hnq/63b8e801d0328edf8ff4ec6f9d984d68275dc0a8'),
(65719, 'https://api.nakala.fr/data/10.34847/nkl.3c2d6hnq/8471700ac7dd23c268d1cd62ce786660bf26be87'),
(65719, 'https://api.nakala.fr/data/10.34847/nkl.3c2d6hnq/daf20f95f0e2c6386cea4e768e1975386f32e40d'),
(65720, 'https://api.nakala.fr/data/10.34847/nkl.c26e50x0/0dcfeeccfcd45c4703cf6fd5efb3603a6df4b094'),
(65720, 'https://api.nakala.fr/data/10.34847/nkl.c26e50x0/355b4531d14cfe41d45e28e2835c67db6754de6a'),
(65720, 'https://api.nakala.fr/data/10.34847/nkl.c26e50x0/c141bf654304ac5d326b80385207d6ccc77b09c6'),
(65720, 'https://api.nakala.fr/data/10.34847/nkl.c26e50x0/d3d20ecee2e5b0b7109d287dfd701e159a39c4de'),
(65720, 'https://api.nakala.fr/data/10.34847/nkl.c26e50x0/efceeb5bb5026fe2cbc8a285ef919a9d513cc7df'),
(65722, 'https://api.nakala.fr/data/10.34847/nkl.c1abj7y6/0e79b3605ca9e8ec8d509636c2e000ab4f4d5a8c'),
(65723, 'https://api.nakala.fr/data/10.34847/nkl.c1b5b740/af8f7554b0762fdc23520ac63b7dc97d3ba37ca1'),
(65725, 'https://api.nakala.fr/data/10.34847/nkl.b8aeenag/0bee827ff5bca1eb7dab9319bb8b4d2d050c41f9'),
(65726, 'https://api.nakala.fr/data/10.34847/nkl.a0fa3306/4dfc5e321bf87b322c8ec06025d6892c65d3ef0c'),
(65727, 'https://api.nakala.fr/data/10.34847/nkl.f2b5376t/5e9d8832d2eafe0c09d032c10cc4f1a3e2734aa3'),
(65729, 'https://api.nakala.fr/data/10.34847/nkl.ac4efdsi/ee7eea513e96fa82c9cd95de8b12850f1e52f065'),
(65730, 'https://api.nakala.fr/data/10.34847/nkl.b87as90j/48089c161dd4db89061bdb387a4a624611351eac'),
(65731, 'https://api.nakala.fr/data/10.34847/nkl.f5c7flwp/8cb939067130af6fd48ffeebb419c1dfcc4683e5'),
(65732, 'https://api.nakala.fr/data/10.34847/nkl.ba9arjgt/84619e96add43c0e36fa8219628a9c43c396f7cd'),
(65733, 'https://api.nakala.fr/data/10.34847/nkl.ccfclo8j/79b7de74e0950e4ace3fbc550883d7c02a047d1f'),
(65734, 'https://api.nakala.fr/data/10.34847/nkl.b520772e/141e5b6207c6cd9a6e7002cdd085d7aa260a4a69'),
(65735, 'https://api.nakala.fr/data/10.34847/nkl.aad45gq5/106a928f0618fa0b3f0b21705c518feb2dc92cff'),
(65736, 'https://api.nakala.fr/data/10.34847/nkl.40dap65p/43ffa465167670cd72dadc3a82774d6f3cb32dde'),
(65737, 'https://api.nakala.fr/data/10.34847/nkl.bf2ei27b/8dd27f7da464f1ec344072b902db6c85da9d675b'),
(65738, 'https://api.nakala.fr/data/10.34847/nkl.68cfa7c6/648e052e8a44ab9ec5e41c4062ebbc4d4348fb8f'),
(65740, 'https://api.nakala.fr/data/10.34847/nkl.3ca73dzo/7b153711048053ee1ba08bbbeab106becd7fa721'),
(65741, ' https://api.nakala.fr/data/10.34847/nkl.fc996b2t/5a61893d633827304785420a320582ec4d1c00d0'),
(65741, ' https://api.nakala.fr/data/10.34847/nkl.fc996b2t/e405c4e26559597eb4f1308b560311a4f2654ea7'),
(65741, 'https://api.nakala.fr/data/10.34847/nkl.fc996b2t/203a8c0dee81b87e97f844039438794e0a4b3bcf'),
(65741, 'https://api.nakala.fr/data/10.34847/nkl.fc996b2t/ca8001ccf8a8fa156556d8ded873d0b1d3e29c86'),
(65742, 'https://api.nakala.fr/data/10.34847/nkl.ca8c5j3e/02989a6e4cb49a66f2f6ced921afb8f4e83a48b9'),
(65742, 'https://api.nakala.fr/data/10.34847/nkl.ca8c5j3e/339f05453c0e4bc173a6532b1abe0a2a1251d3a8'),
(65743, ' https://api.nakala.fr/data/10.34847/nkl.ab44qlzc/c6c8cf5560226418482704bdb4ab1aba54de6c55'),
(65743, 'https://api.nakala.fr/data/10.34847/nkl.ab44qlzc/0a29d78e99c1f50d157c69136b022db1b0851ff9'),
(65744, ' https://api.nakala.fr/data/10.34847/nkl.efefj0eg/cf4f9d8fa51fe65ac3e6819074c6761aa0f306ba'),
(65745, ' https://api.nakala.fr/data/10.34847/nkl.69ae3q0q/a56fab152d3f3a9debfaa8ead0719b15f58c6722'),
(65746, 'https://api.nakala.fr/data/10.34847/nkl.3a108781/c3e4652f04169c0bf443138a27c7b984718c44c0'),
(65747, ' https://api.nakala.fr/data/10.34847/nkl.ec5b4p67/1cc1893044307e371597443de9b825784922249a'),
(65747, 'https://api.nakala.fr/data/10.34847/nkl.ec5b4p67/7e051927b6763e6cb7b916f9fad8c3e96b76925b'),
(65747, 'https://api.nakala.fr/data/10.34847/nkl.ec5b4p67/f0d6f7728f93564a684e8d60df54ad9eed3be036'),
(65748, 'https://api.nakala.fr/data/10.34847/nkl.b2d7307m/94a082732bfe4bf7f08d6506ad0b1b6bf1ab0e48'),
(65750, 'https://api.nakala.fr/data/10.34847/nkl.83ecusaz/f6ccbf639a6d9c5f8e86ae9a555604084f29ed0b'),
(65751, 'https://api.nakala.fr/data/10.34847/nkl.9b24ce48/545d6682457c1eb8eb3f174e0fc5839facad3fd9'),
(65751, 'https://api.nakala.fr/data/10.34847/nkl.9b24ce48/58e42f77a64d6a0ab70b3c0bc22a33b9fc0d0940'),
(65752, 'https://api.nakala.fr/data/10.34847/nkl.67c3npb8/7283b97c54478f857e627c25d182981375e5522a'),
(65753, ' https://api.nakala.fr/data/10.34847/nkl.6931659a/00dfc7a76629675878ae884df2742ebe16598df5'),
(65753, 'https://api.nakala.fr/data/10.34847/nkl.6931659a/1fde5b7697ca4bc25554ba13e75651d28a304db8'),
(65754, 'https://api.nakala.fr/data/10.34847/nkl.bed0327p/a51fbd29e6ae66368f58f0e5aac14d39f32a48b5'),
(65758, '10.34847/nkl.df2by39k'),
(65759, 'https://api.nakala.fr/data/10.34847/nkl.cca7c1i0/1cb83bfb33a76115ddfe1448cafb5067dcc39a04'),
(65765, 'https://api.nakala.fr/data/10.34847/nkl.d0adxph3/91e66921f8352451a11ba20e04ce43e459b80ad2'),
(65766, 'https://api.nakala.fr/data/10.34847/nkl.7450i202/4d66444c80d3eacb5d7870ed3f9205afad837141'),
(65766, 'https://api.nakala.fr/data/10.34847/nkl.7450i202/ab4ba7c78628d91ba1b91b674ccf0de6dee9cf9f'),
(65770, 'https://api.nakala.fr/data/10.34847/nkl.2d5fye25/4ce6a6d5e2e8e2c3958d12b47519738ee548229e'),
(65770, 'https://api.nakala.fr/data/10.34847/nkl.2d5fye25/52926a99b95c3e9f8657b368c4e4a0a738c65ad8'),
(65770, 'https://api.nakala.fr/data/10.34847/nkl.2d5fye25/9052bd8719db6eee04a8ce011947e9db876a9b0e'),
(65770, 'https://api.nakala.fr/data/10.34847/nkl.2d5fye25/97e17e55ad89d886c2ff64e62da27d2c68761251'),
(65770, 'https://api.nakala.fr/data/10.34847/nkl.2d5fye25/bf313bf4f30167df49b96d94af7d019684a59f68'),
(65771, 'https://api.nakala.fr/data/10.34847/nkl.48df4py0/6ce058e5b6585101b5b40fe0e2703d21317a86f9'),
(65771, 'https://api.nakala.fr/data/10.34847/nkl.48df4py0/cc83a60e6699a9d00ee484927517655a963f84cb'),
(65772, 'https://api.nakala.fr/data/10.34847/nkl.21c5w7r3/00cd062517ea56050b1fff4172c87ae88088079b'),
(65772, 'https://api.nakala.fr/data/10.34847/nkl.21c5w7r3/62d2df1f2f9a5794aed67ad52a807279008d6383'),
(65772, 'https://api.nakala.fr/data/10.34847/nkl.21c5w7r3/bc5ee2ff980aa383e60d20946b69fc3bdd0bd228'),
(65772, 'https://api.nakala.fr/data/10.34847/nkl.21c5w7r3/d2ee5ebab1c3b9f276036831a270df2ecae1d035'),
(65772, 'https://api.nakala.fr/data/10.34847/nkl.21c5w7r3/e33664a643c317db8f5725efb7104d6784182365'),
(65773, 'https://api.nakala.fr/data/10.34847/nkl.a260jwv0/0f6df0f33f71d6ca077e0076eb4ee9c8ae0fae3a'),
(65773, 'https://api.nakala.fr/data/10.34847/nkl.a260jwv0/29911e1ccfce910003a430293c14185a0999ae72'),
(65776, 'https://api.nakala.fr/data/10.34847/nkl.19dclx58/a7559a315267bbc666caeec1ed280d2ec3c20f15'),
(65776, 'https://api.nakala.fr/data/10.34847/nkl.19dclx58/d32cfe86dea423df99079a4780c9e5b55491e8da'),
(65776, 'https://api.nakala.fr/data/10.34847/nkl.19dclx58/f711b0698f7645e24b4c8b360bbce92d2f9daba1'),
(65777, 'https://api.nakala.fr/data/10.34847/nkl.f8daj6m7/06fc57e81399ffc19f657bd6194a02341796347b'),
(65777, 'https://api.nakala.fr/data/10.34847/nkl.f8daj6m7/ac63d8520b6e7ef93b1c492fa2e407b6d8f9a98a'),
(65778, 'https://api.nakala.fr/data/10.34847/nkl.bcf09yy2/2c48c0a1e9571938341a3cd1a510b5dbbb243b4e'),
(65780, ' https://api.nakala.fr/data/10.34847/nkl.23cbvl78/4f2f23c029104cdb6d2851599b0a62f152e57648'),
(65780, ' https://api.nakala.fr/data/10.34847/nkl.23cbvl78/5be8f7d8ba3a9b3274941b297228a2a9a3d8b529'),
(65780, 'https://api.nakala.fr/data/10.34847/nkl.23cbvl78/717d24bccb9788d04ccdfa6aea1f9dda66b9e71b'),
(65785, ' https://api.nakala.fr/data/10.34847/nkl.e07cj235/4e5d4468ce15a8617f4c458e4a9e3ddaab9cbafa'),
(65786, ' https://api.nakala.fr/data/10.34847/nkl.8d2dus01/51dfda25556e7129bad00081f9a0cb1debb6bc51'),
(65786, 'https://api.nakala.fr/data/10.34847/nkl.8d2dus01/2a116dc9fd00d7abfad8b27d47445c7899948bb1'),
(65786, 'https://api.nakala.fr/data/10.34847/nkl.8d2dus01/3a5acd15aed8952401eaec8d7432728fb863fcd6'),
(65786, 'https://api.nakala.fr/data/10.34847/nkl.8d2dus01/61fa9d272cf8eedaff319cd426295c1903bf0755'),
(65786, 'https://api.nakala.fr/data/10.34847/nkl.8d2dus01/6b945a011d564b4b7ed8f307188ef0639cbeb320'),
(65786, 'https://api.nakala.fr/data/10.34847/nkl.8d2dus01/784aefaf73ae1404a40a350a31ff8485157f6f8d'),
(65786, 'https://api.nakala.fr/data/10.34847/nkl.8d2dus01/81bac3ffb53dfff6d45b687a0aa0f8a57796a5f2'),
(65787, 'https://api.nakala.fr/data/10.34847/nkl.a601pik6/5e66dc4c4afaf525b063a42a78f2d581a2c8ec57'),
(65788, 'https://api.nakala.fr/data/10.34847/nkl.87575xxb/031380c3815535e3bfabac93c46013268c31a189'),
(65788, 'https://api.nakala.fr/data/10.34847/nkl.87575xxb/80931cf41ada06e2a675732f9180980ebb8022b9'),
(65788, 'https://api.nakala.fr/data/10.34847/nkl.87575xxb/fe8eb96f0a80a9db0d90fe581ed09af3396a2624'),
(65789, 'https://api.nakala.fr/data/10.34847/nkl.198ay07o/0008eda3dcecbabcbff855ed95b0a358c5e085c8'),
(65789, 'https://api.nakala.fr/data/10.34847/nkl.198ay07o/202e8ba743d9a6a82f79335206e972c2e195087e'),
(65789, 'https://api.nakala.fr/data/10.34847/nkl.198ay07o/483cee5cb06a7e61fec856bb3b0a706c3c7f4bc1'),
(65789, 'https://api.nakala.fr/data/10.34847/nkl.198ay07o/55e5b2625eb967a37327769c6c82af54d9dcd4a4'),
(65790, 'https://api.nakala.fr/data/10.34847/nkl.2c2b780u/163fc6dba7060fb4bf4efd58259ca7a200bdc026'),
(65790, 'https://api.nakala.fr/data/10.34847/nkl.2c2b780u/60f8b504ac9f4af0577a66e3facaba21ff053bb2'),
(65790, 'https://api.nakala.fr/data/10.34847/nkl.2c2b780u/9c5c66cb0b78158d33d054142354e51947a4cead'),
(65790, 'https://api.nakala.fr/data/10.34847/nkl.2c2b780u/a626792c69120ad8d061a5e87bc424ad51de91d9'),
(65790, 'https://api.nakala.fr/data/10.34847/nkl.2c2b780u/b57cc7f48d878d1ab5b1b7f8382ca7337b6b0fb4'),
(65791, 'https://api.nakala.fr/data/10.34847/nkl.e6bbr5o7/64486c3ed5f6c78295c178476ef940f912c7d569'),
(65791, 'https://api.nakala.fr/data/10.34847/nkl.e6bbr5o7/bc8e32b406413e7e7ef4a7bd9575b7c523de04fc'),
(65792, 'https://api.nakala.fr/data/10.34847/nkl.7974d3n3/306e21f30397f23709b37b785bbdd88ad8f08741'),
(65792, 'https://api.nakala.fr/data/10.34847/nkl.7974d3n3/3d5463b75649f027840ba2256cf17fa25a70feec'),
(65792, 'https://api.nakala.fr/data/10.34847/nkl.7974d3n3/f73dc28e68489f8a7ccd783ee269d7b5966c8290'),
(65793, ' https://api.nakala.fr/data/10.34847/nkl.3d603258/9c1a7fe5fd85454ed2f93ba3f04f803b9811df7a'),
(65793, 'https://api.nakala.fr/data/10.34847/nkl.3d603258/1155826dde5453b907c169b4576e3ecd8ddcb700'),
(65793, 'https://api.nakala.fr/data/10.34847/nkl.3d603258/6b5171002f9f8f0138ad404a43f04d7182b98f42'),
(65793, 'https://api.nakala.fr/data/10.34847/nkl.3d603258/760ec3a282bc7a23a080339833ac2955aff7edf2'),
(65793, 'https://api.nakala.fr/data/10.34847/nkl.3d603258/d9524678fb94803a0b17276928d9c29c71caa8c1'),
(65794, 'https://api.nakala.fr/data/10.34847/nkl.ded3345g/23aead5557e44f12a2573ee29398b1720e2c8db9'),
(65794, 'https://api.nakala.fr/data/10.34847/nkl.ded3345g/7d11187c1be3579d40cfe803b7f6875bf61e9dc2'),
(65795, 'https://api.nakala.fr/data/10.34847/nkl.7bfb8mct/3bc0bc65796885e66e12b28e6c0ab980efd8b3e4'),
(65795, 'https://api.nakala.fr/data/10.34847/nkl.7bfb8mct/955fdb0fdcc379b685e4a34d223c8e524c2e9285'),
(65796, 'https://api.nakala.fr/data/10.34847/nkl.a8e2gmq2/0b77beddf57b61b299af7e3ded32d854eeb75d88'),
(65796, 'https://api.nakala.fr/data/10.34847/nkl.a8e2gmq2/44a0ff30e1dd9abbe083fdd7753e98cd2355a7b9'),
(65796, 'https://api.nakala.fr/data/10.34847/nkl.a8e2gmq2/a1abaeb0d427a10266c185a11ebf2a746d2e117a'),
(65797, 'https://api.nakala.fr/data/10.34847/nkl.6c4cktgv/098b99c1002bf18733fcaf52451db476e8422844'),
(65797, 'https://api.nakala.fr/data/10.34847/nkl.6c4cktgv/466e8f972c18ede878db6c6a34fdd60b5a5b80ee'),
(65797, 'https://api.nakala.fr/data/10.34847/nkl.6c4cktgv/52d430265c01422ed7c5e0bf34b7f2e983182d15'),
(65797, 'https://api.nakala.fr/data/10.34847/nkl.6c4cktgv/6fe58202cadd9d133325d8ac03835ff7f083f7dd'),
(65797, 'https://api.nakala.fr/data/10.34847/nkl.6c4cktgv/e79a876bf86e0413660ef1fffa35ab9267d4cfdd'),
(65797, 'https://api.nakala.fr/data/10.34847/nkl.6c4cktgv/eddafb597927c07df1e71a9933c469623de2bc6c'),
(65798, ' https://api.nakala.fr/data/10.34847/nkl.4f97n9ei/152e583b8492b5cd29a075083e8be42d97fc4542'),
(65798, ' https://api.nakala.fr/data/10.34847/nkl.4f97n9ei/fb5c093b21c9936c5bc833a02cfed7722c6eee55'),
(65798, 'https://api.nakala.fr/data/10.34847/nkl.4f97n9ei/1ba1ea51fbff3c7885bbf6663e4127bd1c9cb06b'),
(65798, 'https://api.nakala.fr/data/10.34847/nkl.4f97n9ei/7e4f7c7c361d390a66cc301d3afdc95bda2809dc'),
(65798, 'https://api.nakala.fr/data/10.34847/nkl.4f97n9ei/913b63d9632157582a8900447195d05b9172cc1e'),
(65798, 'https://api.nakala.fr/data/10.34847/nkl.4f97n9ei/9194986e6a3217c94174f0f57d77f6dcd7b42b95'),
(65798, 'https://api.nakala.fr/data/10.34847/nkl.4f97n9ei/a5f76bf93911ed2f2f6f63b2a67561bb43d3bea5'),
(65799, 'https://api.nakala.fr/data/10.34847/nkl.0c7a754q/86d00fa2655152dac44e00dfbc3827daaf62ebb2'),
(65799, 'https://api.nakala.fr/data/10.34847/nkl.0c7a754q/cbd3419e319112157a640e892a6d360c495c03ed'),
(65799, 'https://api.nakala.fr/data/10.34847/nkl.0c7a754q/d034117ab9b4b75615e16fe3c3a491c621595498'),
(65799, 'https://api.nakala.fr/data/10.34847/nkl.0c7a754q/f5ef44fdf2d4f625fdeb7268f75eda1cad7294f4'),
(65800, 'https://api.nakala.fr/data/10.34847/nkl.f0a3ix5a/1c57d5f99af277fbc9bc956217d9531efe0c7ce8'),
(65800, 'https://api.nakala.fr/data/10.34847/nkl.f0a3ix5a/21b3d51d27f601ba9480163550d70732330072fe'),
(65800, 'https://api.nakala.fr/data/10.34847/nkl.f0a3ix5a/3fd8aef4f6f390dac767c1c6fb221f87db72407d'),
(65800, 'https://api.nakala.fr/data/10.34847/nkl.f0a3ix5a/931b2c9491daaed1c02c57a6e181d718af9280da'),
(65800, 'https://api.nakala.fr/data/10.34847/nkl.f0a3ix5a/e35012dbf88e3ea4c383402e6c6380ad8bb63fb2'),
(65801, ' https://api.nakala.fr/data/10.34847/nkl.aa641xfr/8a3da14ad201fbeac6b1fb95cd5a1e4f6e231b53'),
(65801, 'https://api.nakala.fr/data/10.34847/nkl.aa641xfr/56d467b3340a77057b2ba94c65591e54ef5974ea'),
(65801, 'https://api.nakala.fr/data/10.34847/nkl.aa641xfr/5d762fc6dc3110782aa218f9d5b53fcc117e7a1f'),
(65801, 'https://api.nakala.fr/data/10.34847/nkl.aa641xfr/65335f4975fb2e2067f81720f93224f0ff5029bd'),
(65801, 'https://api.nakala.fr/data/10.34847/nkl.aa641xfr/c0899f02b0d547fef532fdb112096ba9ad75cd5e'),
(65803, ' https://api.nakala.fr/data/10.34847/nkl.effb2i1t/c199140bf8d266d60b456241cebda31552e35700'),
(65803, 'https://api.nakala.fr/data/10.34847/nkl.effb2i1t/82b0b0075144cbd8a6ce86e91b5d16a7e54ce2c0'),
(65803, 'https://api.nakala.fr/data/10.34847/nkl.effb2i1t/966cbf71cc19829efc5d156b6996ec5de8b5acce'),
(65803, 'https://api.nakala.fr/data/10.34847/nkl.effb2i1t/9ef1d2ee66b83f92d7f97e0b1de543534da42c13'),
(65803, 'https://api.nakala.fr/data/10.34847/nkl.effb2i1t/b8a9bdf99a83651758dc45a0f597ac9a96c692e4'),
(65803, 'https://api.nakala.fr/data/10.34847/nkl.effb2i1t/d1b20710f899995273de8012e3bdd5968764bbd4'),
(65803, 'https://api.nakala.fr/data/10.34847/nkl.effb2i1t/ed3d85ad0bd1b7e0290be3b9561b8ae6ecd49a95'),
(65804, 'https://api.nakala.fr/data/10.34847/nkl.faede0a9/102a393e79d7827bcdc1450bf297562552f4a332'),
(65804, 'https://api.nakala.fr/data/10.34847/nkl.faede0a9/b846567dd3d44223d8e0db0c7e0c87f41208cabc'),
(65804, 'https://api.nakala.fr/data/10.34847/nkl.faede0a9/e3ab822df14d72c3f413cfddd481c85d7e78c85f'),
(65805, 'https://api.nakala.fr/data/10.34847/nkl.c7ece8sf/0c8295267a631f304d4a86f64af783ae90b66254'),
(65805, 'https://api.nakala.fr/data/10.34847/nkl.c7ece8sf/1fd3bc9a4d32894bd5b75d304aa617d29a921662'),
(65805, 'https://api.nakala.fr/data/10.34847/nkl.c7ece8sf/23bd422f2dc307e6d790d9b21d5292d95e3dc02f'),
(65805, 'https://api.nakala.fr/data/10.34847/nkl.c7ece8sf/50651d6284da65b8d84cbe381645a79265fdca16'),
(65805, 'https://api.nakala.fr/data/10.34847/nkl.c7ece8sf/56f0eb0338f75b6e6445758defab341125362c0c'),
(65805, 'https://api.nakala.fr/data/10.34847/nkl.c7ece8sf/b941e9873d9b20ce331f9b7a8e2457dad5e0a05c'),
(65805, 'https://api.nakala.fr/data/10.34847/nkl.c7ece8sf/ba26b4377dd6c8c2ec4d15ecc96e250a2053faae'),
(65806, 'https://api.nakala.fr/data/10.34847/nkl.4a1cj49s/68b9dfb7320b1d66e5c4c73d347ab14b149c9ed6'),
(65806, 'https://api.nakala.fr/data/10.34847/nkl.4a1cj49s/8b4cde5553da0d4c1c2cf69ed15de6b7c9e3c308'),
(65806, 'https://api.nakala.fr/data/10.34847/nkl.4a1cj49s/f1e3ecd7c218460acb26c4b6438679a3d275df9d'),
(65806, 'https://api.nakala.fr/data/10.34847/nkl.4a1cj49s/f6bbd901995c793b8cff85a8833f22028f1eeb3e'),
(65811, 'https://api.nakala.fr/data/10.34847/nkl.bbafbr7i/7b8994e4853a1e4aae49711ceee2db8999bd3518'),
(65811, 'https://api.nakala.fr/data/10.34847/nkl.bbafbr7i/87fd01f859ed326418c9823e7e361c5f125c44b2'),
(65811, 'https://api.nakala.fr/data/10.34847/nkl.bbafbr7i/bd4443d538013db35e962b643c8e1c74e64e96df'),
(65811, 'https://api.nakala.fr/data/10.34847/nkl.bbafbr7i/db66a7b17f6346fbed15d60556bcd18b8887128d'),
(65812, ' https://api.nakala.fr/data/10.34847/nkl.f5ff40hz/656f7991bff8a972d0e59f0c446d3c9726cb557a'),
(65812, 'https://api.nakala.fr/data/10.34847/nkl.f5ff40hz/1e2f8aeff1b82a8f9909973275ec0fd535b4d861'),
(65812, 'https://api.nakala.fr/data/10.34847/nkl.f5ff40hz/8d70500099a495cd766760c01161b13c55b8f04f'),
(65812, 'https://api.nakala.fr/data/10.34847/nkl.f5ff40hz/9e8059ce08e430581adea4e1cec508885661a3df'),
(65812, 'https://api.nakala.fr/data/10.34847/nkl.f5ff40hz/b1d4689f0453be5419734bea1f9da0da563aaba7'),
(65812, 'https://api.nakala.fr/data/10.34847/nkl.f5ff40hz/b3ce6fe81e0cdc2ecd6a54b733df3746a72b37b3'),
(65812, 'https://api.nakala.fr/data/10.34847/nkl.f5ff40hz/c331f86e9b35fc6822f0b63928a25e135d7629a5'),
(65813, 'https://api.nakala.fr/data/10.34847/nkl.eca0553v/925b8af65a67c07e1e5f6dac81eca8739f3b4edb'),
(65814, 'https://api.nakala.fr/data/10.34847/nkl.ccfb8631/52c8e003e8538ca83bafb8a8c8540cf26dedf391'),
(65814, 'https://api.nakala.fr/data/10.34847/nkl.ccfb8631/fefd3ca59a135df36fa2f475048342b1c0b9c3a2'),
(65816, 'https://api.nakala.fr/data/10.34847/nkl.ecbb0q8i/6633caf08c9db463655c452195cce77c740adee5'),
(65816, 'https://api.nakala.fr/data/10.34847/nkl.ecbb0q8i/731ee284a50dc3926cc9776a9fce6fc2bfbae1bc'),
(65816, 'https://api.nakala.fr/data/10.34847/nkl.ecbb0q8i/969131de2839ad7b34c6a5b502bd51aa1ebe92cc'),
(65816, 'https://api.nakala.fr/data/10.34847/nkl.ecbb0q8i/c21aa78e8b56553970da45bdb82eb6689d4091db'),
(65816, 'https://api.nakala.fr/data/10.34847/nkl.ecbb0q8i/f3226de9185a4561a56e8a5671a7a544e926da29'),
(65817, 'https://d1e3z2jco40k3v.cloudfront.net/-/media/vah18/recettes/2000x1125/pancakes.jpg?rev=75abd8f053a34ca7afc5ce1b447e148b'),
(65823, ' https://api.nakala.fr/data/10.34847/nkl.709dl1t3/88b329cff443f8c6080019f76f2c28590164f17c'),
(65823, 'https://api.nakala.fr/data/10.34847/nkl.176a4g2n/7d293b2a800916cca1e749a42b868b283bdde089'),
(65823, 'https://api.nakala.fr/data/10.34847/nkl.709dl1t3/1277bb45491fcccb4c0465c29d555ff3cd443e99'),
(65823, 'https://api.nakala.fr/data/10.34847/nkl.709dl1t3/5640596d268aedce87ffaa3b5e6c29b472571aec'),
(65823, 'https://api.nakala.fr/data/10.34847/nkl.709dl1t3/5befd42cab48f3c317b2e5c1124f36b5aae6849f'),
(65823, 'https://api.nakala.fr/data/10.34847/nkl.709dl1t3/ae487905fe91c7de7d2bffcd627ff04930c5be36'),
(65852, ' https://api.nakala.fr/data/10.34847/nkl.df1cii9w/c97ba1dda226e88f373593f1674b38baa29d41b8'),
(65852, 'https://api.nakala.fr/data/10.34847/nkl.df1cii9w/01db3c6b147ac4c0af7baa777d06635dd8d52fe1'),
(65852, 'https://api.nakala.fr/data/10.34847/nkl.df1cii9w/f23388a1b09cc0b7f65fe3637627e3415977277e'),
(65853, 'https://api.nakala.fr/data/10.34847/nkl.8ac345ge/65a2a7981193c8013deae6a7328f48e996b38e14'),
(65854, 'https://api.nakala.fr/data/10.34847/nkl.66da99s4/a822164ab22181f42f54d9a9a5e745aa3723cb53'),
(65855, 'https://api.nakala.fr/data/10.34847/nkl.4c6f58sr/df8bd5b7e4493894a9fa9f4de812e795999315e8'),
(65855, 'https://api.nakala.fr/data/10.34847/nkl.4c6f58sr/ef0305149c35966af29ccfb2a2d7ae506aba2c78'),
(65855, 'https://api.nakala.fr/data/10.34847/nkl.4c6f58sr/f984badcbd94d3e30d74a54c7455cef96e29f07d'),
(65856, 'https://api.nakala.fr/data/10.34847/nkl.f1f2771e/6a8284387bfb2eff5ba26bdb10610ddc5925251a'),
(65858, ' https://api.nakala.fr/data/10.34847/nkl.dc9as88x/5045bd2c519ca6929b3fe47d8aa96025b52ee95a')
ON DUPLICATE KEY UPDATE id_sujet=id_sujet;

--
-- Dumping data for table `url_operation`
--

INSERT INTO `url_operation` (`id_operation`, `url`) VALUES
(2599, 'https://www.inrap.fr/les-necropoles-du-centre-ville-de-bondy-15360'),
(2608, 'https://google.com'),
(2608, 'https://www.youtube.com/'),
(2658, 'http://dolia.inrap.fr/flora/ark:/64298/0141751'),
(2659, 'http://dolia.inrap.fr/flora/ark:/64298/0147740'),
(2660, 'http://dolia.inrap.fr/flora/ark:/64298/0115618'),
(2661, 'http://dolia.inrap.fr/flora/ark:/64298/0144155'),
(2662, 'http://dolia.inrap.fr/flora/ark:/64298/0157120'),
(2663, 'http://dolia.inrap.fr/flora/ark:/64298/0125483'),
(2664, 'http://dolia.inrap.fr/flora/ark:/64298/0125484'),
(2666, 'https://dolia.inrap.fr/flora/ark:/64298/0161997'),
(2667, 'https://dolia.inrap.fr/flora/ark:/64298/0161998'),
(2668, 'https://dolia.inrap.fr/flora/ark:/64298/0165099'),
(2669, 'https://dolia.inrap.fr/flora/ark:/64298/0134759'),
(2670, 'https://dolia.inrap.fr/flora/ark:/64298/0115949'),
(2671, 'https://dolia.inrap.fr/flora/ark:/64298/0143023'),
(2672, 'https://dolia.inrap.fr/flora/ark:/64298/0127195'),
(2673, 'https://dolia.inrap.fr/flora/ark:/64298/0121106'),
(2674, 'https://dolia.inrap.fr/flora/ark:/64298/0150392'),
(2675, 'https://dolia.inrap.fr/flora/ark:/64298/0122003'),
(2676, 'https://dolia.inrap.fr/flora/ark:/64298/0121997')
ON DUPLICATE KEY UPDATE id_operation=id_operation;

/*!40101 SET CHARACTER_SET_CLIENT=@OLD_CHARACTER_SET_CLIENT */;
/*!40101 SET CHARACTER_SET_RESULTS=@OLD_CHARACTER_SET_RESULTS */;
/*!40101 SET COLLATION_CONNECTION=@OLD_COLLATION_CONNECTION */;
